week,Location,id,level
1,UK & Ireland,1991,0.016559466622990314
1,UK & Ireland,1997,0.01810198713812143
1,UK & Ireland,2000,0.021274113459758093
1,UK & Ireland,2002,0.019647331089154705
1,UK & Ireland,2006,0.01794008576804535
1,UK & Ireland,2008,0.012679220487794117
1,CEE,1991,0.6369154500499623
1,CEE,1997,0.6481667340614151
1,CEE,2000,0.6644976243638407
1,CEE,2002,0.6594062955667048
1,CEE,2006,0.7103512920016171
1,CEE,2008,0.6184238451625594
1,CWE,1991,4.481195272293499
1,CWE,1997,4.359434556380972
1,CWE,2000,4.432125714931278
1,CWE,2002,4.455541645860976
1,CWE,2006,4.3091438369889
1,CWE,2008,4.333347256349891
1,Iberia,1991,9.527748907816099
1,Iberia,1997,9.940798217254525
1,Iberia,2000,9.32394277517588
1,Iberia,2002,9.332371434259251
1,Iberia,2006,9.391213767591132
1,Iberia,2008,9.238206344333191
1,Italy,1991,1.5849235095638692
1,Italy,1997,1.6042939706194892
1,Italy,2000,1.55996690011007
1,Italy,2002,1.5894536279300637
1,Italy,2006,1.5687282457244338
1,Italy,2008,1.5919688937460161
1,Northern,1991,46.92974760439312
1,Northern,1997,46.15445112521362
1,Northern,2000,47.904329838275324
1,Northern,2002,47.25972417008117
1,Northern,2006,46.647123215561244
1,Northern,2008,47.360735744003904
1,SEE,1991,3.846036857043783
1,SEE,1997,3.862623914687355
1,SEE,2000,3.8531461630796384
1,SEE,2002,3.8345070982406892
1,SEE,2006,3.947623196895697
1,SEE,2008,3.797068261011401
2,UK & Ireland,1991,0.01230226965836084
2,UK & Ireland,1997,0.010949478257161565
2,UK & Ireland,2000,0.01553388973045817
2,UK & Ireland,2002,0.004261775363033347
2,UK & Ireland,2006,0.013353673697979225
2,UK & Ireland,2008,0.009944371925649804
2,CEE,1991,0.44304576489493563
2,CEE,1997,0.4748438104580736
2,CEE,2000,0.48285989498236703
2,CEE,2002,0.4580033126528628
2,CEE,2006,0.5495573945231856
2,CEE,2008,0.45116509594434817
2,CWE,1991,3.7981407914073677
2,CWE,1997,3.1198819459356417
2,CWE,2000,3.382565203904806
2,CWE,2002,3.291728396347395
2,CWE,2006,3.2891759961948734
2,CWE,2008,3.426097638174771
2,Iberia,1991,9.92206484558577
2,Iberia,1997,10.789452329045433
2,Iberia,2000,8.989910848271364
2,Iberia,2002,8.808906721651844
2,Iberia,2006,8.993313268368661
2,Iberia,2008,9.004272220157045
2,Italy,1991,1.5398991461785094
2,Italy,1997,1.5915270499857752
2,Italy,2000,1.479735756868807
2,Italy,2002,1.585857340370196
2,Italy,2006,1.5119240388158899
2,Italy,2008,1.5849172091024322
2,Northern,1991,42.09775377997469
2,Northern,1997,40.66714380605156
2,Northern,2000,44.9698813656563
2,Northern,2002,46.04181211802904
2,Northern,2006,42.14309087265981
2,Northern,2008,43.09370711308451
2,SEE,1991,3.8240065085111064
2,SEE,1997,3.859397343247554
2,SEE,2000,3.7714140384236017
2,SEE,2002,3.703522529823016
2,SEE,2006,3.8728542700544213
2,SEE,2008,3.715391667384268
3,UK & Ireland,1991,0.014415612230387813
3,UK & Ireland,1997,0.017405852334950234
3,UK & Ireland,2000,0.014117797123300512
3,UK & Ireland,2002,0.006655725912182129
3,UK & Ireland,2006,0.01623587491283726
3,UK & Ireland,2008,0.01123650527422107
3,CEE,1991,0.3809359918771842
3,CEE,1997,0.3362717730939123
3,CEE,2000,0.3408812595685577
3,CEE,2002,0.31064587734253024
3,CEE,2006,0.40550461821994077
3,CEE,2008,0.34084316123112424
3,CWE,1991,3.5526020363744144
3,CWE,1997,2.3184425531410255
3,CWE,2000,2.7467913001935576
3,CWE,2002,2.278026299918091
3,CWE,2006,2.934822827110402
3,CWE,2008,3.1754433362858006
3,Iberia,1991,9.961525529792338
3,Iberia,1997,11.740272142760864
3,Iberia,2000,8.992177369554241
3,Iberia,2002,8.452201861690321
3,Iberia,2006,8.836094462103695
3,Iberia,2008,9.285757630758113
3,Italy,1991,1.5082899339116835
3,Italy,1997,1.5734394565290604
3,Italy,2000,1.3981659763304912
3,Italy,2002,1.537475855158083
3,Italy,2006,1.4514403570166408
3,Italy,2008,1.610285517244814
3,Northern,1991,38.00940546511469
3,Northern,1997,36.03836179042651
3,Northern,2000,42.00959804776068
3,Northern,2002,45.13043601562456
3,Northern,2006,38.081728850130816
3,Northern,2008,39.853783051893075
3,SEE,1991,3.9423385342716135
3,SEE,1997,3.9999433143653502
3,SEE,2000,3.8466887003464216
3,SEE,2002,3.7383610702347356
3,SEE,2006,3.9230925548065425
3,SEE,2008,3.844767414163894
4,UK & Ireland,1991,0.014837065208009483
4,UK & Ireland,1997,0.01389981248647398
4,UK & Ireland,2000,0.009830835134029136
4,UK & Ireland,2002,0.011638447360737705
4,UK & Ireland,2006,0.015229824201931043
4,UK & Ireland,2008,0.012568253310298606
4,CEE,1991,0.34968716742124395
4,CEE,1997,0.29312904099760506
4,CEE,2000,0.28516412288504145
4,CEE,2002,0.29865100296184943
4,CEE,2006,0.3560756147528987
4,CEE,2008,0.34398975728536085
4,CWE,1991,3.105581412054841
4,CWE,1997,2.1746878521090363
4,CWE,2000,2.1015855471690665
4,CWE,2002,1.7971690057063736
4,CWE,2006,2.6043668668989532
4,CWE,2008,2.9826464784307403
4,Iberia,1991,9.897534458431942
4,Iberia,1997,12.527209286937724
4,Iberia,2000,8.655966756061956
4,Iberia,2002,8.728932488351747
4,Iberia,2006,8.521801006793524
4,Iberia,2008,9.202693168090562
4,Italy,1991,1.433148660412743
4,Italy,1997,1.5548372943523956
4,Italy,2000,1.3219751608312864
4,Italy,2002,1.5042320560831133
4,Italy,2006,1.3962864441628322
4,Italy,2008,1.6124234394036552
4,Northern,1991,35.61971210504421
4,Northern,1997,32.90799938900159
4,Northern,2000,38.38193777433151
4,Northern,2002,41.981905984894766
4,Northern,2006,35.44140302240671
4,Northern,2008,37.227147072399745
4,SEE,1991,3.8976501404648
4,SEE,1997,4.011593685014159
4,SEE,2000,3.7925703987936816
4,SEE,2002,3.764856160468105
4,SEE,2006,3.874345834016367
4,SEE,2008,3.876521526181695
5,UK & Ireland,1991,0.007531016102149095
5,UK & Ireland,1997,0.0038134657371908885
5,UK & Ireland,2000,0.013535814294329183
5,UK & Ireland,2002,0.012022272403757877
5,UK & Ireland,2006,0.014102969251629677
5,UK & Ireland,2008,0.01047909648768566
5,CEE,1991,0.33100619021387456
5,CEE,1997,0.27670033001300715
5,CEE,2000,0.2997099200934606
5,CEE,2002,0.31244851999352924
5,CEE,2006,0.30917997915949685
5,CEE,2008,0.3273853876190287
5,CWE,1991,2.6926151374892333
5,CWE,1997,1.653935472663839
5,CWE,2000,2.0157407386154773
5,CWE,2002,1.6736952408729668
5,CWE,2006,2.3891106175905636
5,CWE,2008,2.7279922838881077
5,Iberia,1991,9.466260699377468
5,Iberia,1997,12.910569465570296
5,Iberia,2000,8.54854539019533
5,Iberia,2002,8.833195997108806
5,Iberia,2006,8.17759910011971
5,Iberia,2008,9.00065738868131
5,Italy,1991,1.3440798969418026
5,Italy,1997,1.525722269691807
5,Italy,2000,1.2426844323805506
5,Italy,2002,1.4818920176512969
5,Italy,2006,1.38560530981759
5,Italy,2008,1.6062338171584571
5,Northern,1991,33.18424100279682
5,Northern,1997,30.9145766136094
5,Northern,2000,35.151271374431914
5,Northern,2002,38.28540097051292
5,Northern,2006,34.078041375601636
5,Northern,2008,35.32204111904775
5,SEE,1991,3.736714318771024
5,SEE,1997,3.8689735808086185
5,SEE,2000,3.679408803756019
5,SEE,2002,3.704825660354707
5,SEE,2006,3.6815818697952083
5,SEE,2008,3.7441873097599996
6,UK & Ireland,1991,0.014958931104503246
6,UK & Ireland,1997,0.007177303205303943
6,UK & Ireland,2000,0.014131361378823024
6,UK & Ireland,2002,0.013642881081609506
6,UK & Ireland,2006,0.01296173724013191
6,UK & Ireland,2008,0.01418358243249383
6,CEE,1991,0.310252406162345
6,CEE,1997,0.23223937952974272
6,CEE,2000,0.3057358028668143
6,CEE,2002,0.2696364171804091
6,CEE,2006,0.25497637806982065
6,CEE,2008,0.31539138070546086
6,CWE,1991,2.220403357999503
6,CWE,1997,1.3070919925155333
6,CWE,2000,1.952619339139105
6,CWE,2002,1.7318496048683392
6,CWE,2006,2.1587522610530914
6,CWE,2008,2.6771339966838217
6,Iberia,1991,9.623744312734006
6,Iberia,1997,13.026717186499205
6,Iberia,2000,8.47926360342825
6,Iberia,2002,9.19308484605505
6,Iberia,2006,7.919408209657298
6,Iberia,2008,9.045650633845108
6,Italy,1991,1.2683028200475666
6,Italy,1997,1.4806081702528984
6,Italy,2000,1.1679503873416945
6,Italy,2002,1.4848338112828356
6,Italy,2006,1.354586484248351
6,Italy,2008,1.600664654137658
6,Northern,1991,29.98908852999005
6,Northern,1997,29.093541817939045
6,Northern,2000,33.092818201556454
6,Northern,2002,34.71074549100476
6,Northern,2006,32.25787737207793
6,Northern,2008,33.21218253727725
6,SEE,1991,3.691611004517089
6,SEE,1997,3.821560998826484
6,SEE,2000,3.6982528491577558
6,SEE,2002,3.7066862986656264
6,SEE,2006,3.615701997635667
6,SEE,2008,3.7825652397917175
7,UK & Ireland,1991,0.005951778997886889
7,UK & Ireland,1997,0.006952715539924396
7,UK & Ireland,2000,0.011289279013407094
7,UK & Ireland,2002,0.011559523912305136
7,UK & Ireland,2006,0.012778477873162853
7,UK & Ireland,2008,0.009844484724850635
7,CEE,1991,0.32776567806330525
7,CEE,1997,0.24527230924559146
7,CEE,2000,0.30559064667792285
7,CEE,2002,0.2524551893035903
7,CEE,2006,0.20187592301827914
7,CEE,2008,0.2880450357949503
7,CWE,1991,1.8074342188019803
7,CWE,1997,1.3268526016101494
7,CWE,2000,1.7886619663689922
7,CWE,2002,1.7435514479229874
7,CWE,2006,2.013326726541912
7,CWE,2008,2.2521985978429115
7,Iberia,1991,9.92136209884937
7,Iberia,1997,13.219622368132798
7,Iberia,2000,8.359465688172085
7,Iberia,2002,9.121610692896354
7,Iberia,2006,7.70241016493255
7,Iberia,2008,8.967299252282375
7,Italy,1991,1.2073852877276576
7,Italy,1997,1.4319125604321505
7,Italy,2000,1.0813697748665627
7,Italy,2002,1.5319898570010178
7,Italy,2006,1.303430501065186
7,Italy,2008,1.5603675159828188
7,Northern,1991,26.68935648859364
7,Northern,1997,26.853217039971113
7,Northern,2000,31.178323722851825
7,Northern,2002,31.421234856946352
7,Northern,2006,30.156185674695198
7,Northern,2008,31.027289626893754
7,SEE,1991,3.70149492646603
7,SEE,1997,3.794736684180897
7,SEE,2000,3.669983529768112
7,SEE,2002,3.7024501592262817
7,SEE,2006,3.466287401528458
7,SEE,2008,3.700285630108204
8,UK & Ireland,1991,0.009851636507777404
8,UK & Ireland,1997,0.011661440569893924
8,UK & Ireland,2000,0.008793069844937131
8,UK & Ireland,2002,0.010623543000682122
8,UK & Ireland,2006,0.014397165763684834
8,UK & Ireland,2008,0.014055610326714561
8,CEE,1991,0.31338365049638456
8,CEE,1997,0.2468118583641438
8,CEE,2000,0.28908733970479844
8,CEE,2002,0.2309171596405286
8,CEE,2006,0.2228525413380837
8,CEE,2008,0.25740319582642784
8,CWE,1991,1.6662056748042184
8,CWE,1997,1.3195287659594794
8,CWE,2000,1.5027507925918409
8,CWE,2002,1.6137626290266953
8,CWE,2006,2.0898654068609352
8,CWE,2008,1.9970883553444274
8,Iberia,1991,10.308718141205231
8,Iberia,1997,13.26809582443649
8,Iberia,2000,8.14888016942221
8,Iberia,2002,9.150040393711242
8,Iberia,2006,8.19676805906077
8,Iberia,2008,8.853497542180097
8,Italy,1991,1.171643807836393
8,Italy,1997,1.3726941238577492
8,Italy,2000,0.9954249190953126
8,Italy,2002,1.5641305697802674
8,Italy,2006,1.2941665749990716
8,Italy,2008,1.5140053639103213
8,Northern,1991,24.144055676096823
8,Northern,1997,24.867290477399845
8,Northern,2000,27.97826848550196
8,Northern,2002,28.790246760575965
8,Northern,2006,27.997814528694725
8,Northern,2008,29.373376706410028
8,SEE,1991,3.688438269792019
8,SEE,1997,3.7565077899631603
8,SEE,2000,3.6466261147253816
8,SEE,2002,3.7092773632369944
8,SEE,2006,3.5214651074528787
8,SEE,2008,3.6162351990363444
9,UK & Ireland,1991,0.009633236764433235
9,UK & Ireland,1997,0.012315367209938425
9,UK & Ireland,2000,0.01414350591095048
9,UK & Ireland,2002,0.011712764115204536
9,UK & Ireland,2006,0.012155730598266645
9,UK & Ireland,2008,0.012432511086225066
9,CEE,1991,0.3139861929727458
9,CEE,1997,0.28675793393966376
9,CEE,2000,0.2944243108633888
9,CEE,2002,0.23426366634875406
9,CEE,2006,0.24408546720198612
9,CEE,2008,0.2624280447286836
9,CWE,1991,1.698777405229841
9,CWE,1997,1.5142052462170947
9,CWE,2000,1.52378123670958
9,CWE,2002,1.6252604447608958
9,CWE,2006,1.8625981331008021
9,CWE,2008,2.1089560347041365
9,Iberia,1991,10.72409395691557
9,Iberia,1997,13.459763398633719
9,Iberia,2000,7.925085380708819
9,Iberia,2002,9.189113470555965
9,Iberia,2006,8.52675030681993
9,Iberia,2008,8.716594460244634
9,Italy,1991,1.1487649629136476
9,Italy,1997,1.3153249833222078
9,Italy,2000,0.9166693818500982
9,Italy,2002,1.5406575981824928
9,Italy,2006,1.2581149487075887
9,Italy,2008,1.4654135092289282
9,Northern,1991,21.841745871898365
9,Northern,1997,23.860954621025236
9,Northern,2000,25.808344622198618
9,Northern,2002,26.044512767070643
9,Northern,2006,25.797282027046492
9,Northern,2008,28.04735310569862
9,SEE,1991,3.8391306364429565
9,SEE,1997,3.9422986450431017
9,SEE,2000,3.764770186825268
9,SEE,2002,3.854899495570071
9,SEE,2006,3.683638435301183
9,SEE,2008,3.7353890601406996
10,UK & Ireland,1991,0.010162968946930521
10,UK & Ireland,1997,0.012043818773990439
10,UK & Ireland,2000,0.011645775747807029
10,UK & Ireland,2002,0.014803512202555878
10,UK & Ireland,2006,0.011278343261542622
10,UK & Ireland,2008,0.0064182866445439786
10,CEE,1991,0.29349434886389436
10,CEE,1997,0.29173058169070887
10,CEE,2000,0.3092395971947985
10,CEE,2002,0.21653470917927867
10,CEE,2006,0.258378456156828
10,CEE,2008,0.26469668786232287
10,CWE,1991,1.7959535112564153
10,CWE,1997,1.5406438587369278
10,CWE,2000,1.2954317614461892
10,CWE,2002,1.5954789729286296
10,CWE,2006,1.648180436550669
10,CWE,2008,1.8470933677371606
10,Iberia,1991,11.939687430001136
10,Iberia,1997,13.413496640409358
10,Iberia,2000,7.7435943073830416
10,Iberia,2002,9.436391678238818
10,Iberia,2006,9.236450570165166
10,Iberia,2008,8.812813026628616
10,Italy,1991,1.1744241315142718
10,Italy,1997,1.3002482270093665
10,Italy,2000,0.8498500479611756
10,Italy,2002,1.5929477654225683
10,Italy,2006,1.2275939479504132
10,Italy,2008,1.4354083998309268
10,Northern,1991,19.35205655751989
10,Northern,1997,22.9389113205564
10,Northern,2000,23.36884067058552
10,Northern,2002,23.558375190074297
10,Northern,2006,22.79155375279305
10,Northern,2008,25.79055550996972
10,SEE,1991,3.9798506465137278
10,SEE,1997,4.095843340641577
10,SEE,2000,3.937437156220519
10,SEE,2002,4.028200964474325
10,SEE,2006,3.9035011277362743
10,SEE,2008,3.903486773869736
11,UK & Ireland,1991,0.010705251176956374
11,UK & Ireland,1997,0.011875732868307794
11,UK & Ireland,2000,0.013479612713293987
11,UK & Ireland,2002,0.014614153775688558
11,UK & Ireland,2006,0.012018280151893596
11,UK & Ireland,2008,0.012369162921614793
11,CEE,1991,0.27687566429681587
11,CEE,1997,0.2764165455195354
11,CEE,2000,0.3374838364382429
11,CEE,2002,0.20612489750907104
11,CEE,2006,0.26710767261663665
11,CEE,2008,0.2708868646494063
11,CWE,1991,1.8455677240585775
11,CWE,1997,1.6643283549775119
11,CWE,2000,1.3042052790403986
11,CWE,2002,1.6396689125251567
11,CWE,2006,1.4386257376508083
11,CWE,2008,1.877679901060428
11,Iberia,1991,13.232411127033165
11,Iberia,1997,13.347650967717158
11,Iberia,2000,7.527232695157314
11,Iberia,2002,9.913510203954823
11,Iberia,2006,9.730756047860407
11,Iberia,2008,8.866572133349267
11,Italy,1991,1.263320432214127
11,Italy,1997,1.3250329180078866
11,Italy,2000,0.7922230880506739
11,Italy,2002,1.6281875359265128
11,Italy,2006,1.1872904177197205
11,Italy,2008,1.400177510328659
11,Northern,1991,17.011097100183882
11,Northern,1997,22.445014031535326
11,Northern,2000,20.70681706556628
11,Northern,2002,21.0674603140979
11,Northern,2006,20.061027850994584
11,Northern,2008,24.048567128870054
11,SEE,1991,4.037225991169594
11,SEE,1997,4.151094477661724
11,SEE,2000,4.056858192408612
11,SEE,2002,4.105640707104194
11,SEE,2006,4.02388171036411
11,SEE,2008,4.0026485120050905
12,UK & Ireland,1991,0.01619894292532209
12,UK & Ireland,1997,0.010441750600711324
12,UK & Ireland,2000,0.008234284188962118
12,UK & Ireland,2002,0.014635290560559715
12,UK & Ireland,2006,0.004467773761380497
12,UK & Ireland,2008,0.013201885256550486
12,CEE,1991,0.267625724772901
12,CEE,1997,0.2873452542343593
12,CEE,2000,0.349455727308174
12,CEE,2002,0.21179773547630493
12,CEE,2006,0.26181932690664755
12,CEE,2008,0.27451427530377176
12,CWE,1991,2.057213660242723
12,CWE,1997,1.7693143338554143
12,CWE,2000,1.1797198923593244
12,CWE,2002,1.7779505480770348
12,CWE,2006,1.182339519792923
12,CWE,2008,1.6753526299307795
12,Iberia,1991,14.26114535649455
12,Iberia,1997,13.187774267450232
12,Iberia,2000,7.4859816405200865
12,Iberia,2002,10.596018791099029
12,Iberia,2006,10.45898806404036
12,Iberia,2008,9.068608610274703
12,Italy,1991,1.3214991238880334
12,Italy,1997,1.3365646249090708
12,Italy,2000,0.7198450172117764
12,Italy,2002,1.6545722302347294
12,Italy,2006,1.1423125519507167
12,Italy,2008,1.3532963739422985
12,Northern,1991,15.13598113739327
12,Northern,1997,20.393848808409683
12,Northern,2000,18.768829467875246
12,Northern,2002,18.89186583905344
12,Northern,2006,17.689244996329485
12,Northern,2008,21.44768812578526
12,SEE,1991,4.073535253513848
12,SEE,1997,4.169290826686538
12,SEE,2000,4.029372273856158
12,SEE,2002,4.161684314082705
12,SEE,2006,4.048917605620187
12,SEE,2008,4.051217077581099
13,UK & Ireland,1991,0.006822464634034102
13,UK & Ireland,1997,0.01389674575810141
13,UK & Ireland,2000,0.011301457739271924
13,UK & Ireland,2002,0.00806765282135609
13,UK & Ireland,2006,0.010839028396294498
13,UK & Ireland,2008,0.015142796301675825
13,CEE,1991,0.25943267303658407
13,CEE,1997,0.2803351802606947
13,CEE,2000,0.3710614291097837
13,CEE,2002,0.24063705690056167
13,CEE,2006,0.2865324814968934
13,CEE,2008,0.3045922828601304
13,CWE,1991,2.0942228806810577
13,CWE,1997,1.7421760169017915
13,CWE,2000,1.2113248586675507
13,CWE,2002,1.5380109865201086
13,CWE,2006,1.3934014273174429
13,CWE,2008,1.4070648906690066
13,Iberia,1991,14.84920690871963
13,Iberia,1997,13.122857036280042
13,Iberia,2000,7.539690551868347
13,Iberia,2002,10.757868624325466
13,Iberia,2006,11.388655179774734
13,Iberia,2008,9.383527302209286
13,Italy,1991,1.404827834873762
13,Italy,1997,1.2911045440280795
13,Italy,2000,0.7232801687182245
13,Italy,2002,1.6532959532805451
13,Italy,2006,1.1541925641329214
13,Italy,2008,1.298559356706778
13,Northern,1991,13.69886953907422
13,Northern,1997,18.707646691245728
13,Northern,2000,16.787521256019804
13,Northern,2002,17.20485272143172
13,Northern,2006,15.615064627462147
13,Northern,2008,18.768214211907267
13,SEE,1991,4.124851252268053
13,SEE,1997,4.158451966554631
13,SEE,2000,4.086540428153248
13,SEE,2002,4.156063536735557
13,SEE,2006,4.176434004318738
13,SEE,2008,4.133413038505132
14,UK & Ireland,1991,0.009340671184486945
14,UK & Ireland,1997,0.011364980480786904
14,UK & Ireland,2000,0.01060715281931127
14,UK & Ireland,2002,0.010321148515849619
14,UK & Ireland,2006,0.01401220536089736
14,UK & Ireland,2008,0.01304129084052386
14,CEE,1991,0.2501071411517374
14,CEE,1997,0.29358623433718156
14,CEE,2000,0.40626861150817944
14,CEE,2002,0.23741527982419947
14,CEE,2006,0.2971560536460161
14,CEE,2008,0.31060722697484405
14,CWE,1991,2.135019309164324
14,CWE,1997,1.6461958948379594
14,CWE,2000,1.251779291450749
14,CWE,2002,1.5133050659188543
14,CWE,2006,1.658912812538475
14,CWE,2008,1.2927971341398685
14,Iberia,1991,15.338531632504957
14,Iberia,1997,12.978274532693602
14,Iberia,2000,7.929028472648191
14,Iberia,2002,11.008854254594889
14,Iberia,2006,11.859832803594328
14,Iberia,2008,9.564560227258378
14,Italy,1991,1.4458567858810512
14,Italy,1997,1.2359319722267637
14,Italy,2000,0.7971035191714003
14,Italy,2002,1.6072375035887823
14,Italy,2006,1.2437205413664867
14,Italy,2008,1.2341376456893087
14,Northern,1991,13.293163756768122
14,Northern,1997,18.038599263459464
14,Northern,2000,15.433637030630669
14,Northern,2002,16.492022239952796
14,Northern,2006,14.261331216797043
14,Northern,2008,17.57079041813991
14,SEE,1991,4.154770305367655
14,SEE,1997,4.204939057243423
14,SEE,2000,4.234398980685102
14,SEE,2002,4.181872753406391
14,SEE,2006,4.2941550067158865
14,SEE,2008,4.181972462799691
15,UK & Ireland,1991,0.014115865037445113
15,UK & Ireland,1997,0.0109908372783834
15,UK & Ireland,2000,0.014096060464475549
15,UK & Ireland,2002,0.01221692808366302
15,UK & Ireland,2006,0.01323528053654522
15,UK & Ireland,2008,0.011965698386980486
15,CEE,1991,0.251979509828324
15,CEE,1997,0.3021527771230472
15,CEE,2000,0.4307339372892071
15,CEE,2002,0.231524718871833
15,CEE,2006,0.3112068943202133
15,CEE,2008,0.3254360490835076
15,CWE,1991,2.1312779105394464
15,CWE,1997,1.6596999090195765
15,CWE,2000,1.217314759322476
15,CWE,2002,1.376249294553261
15,CWE,2006,1.7658199655391533
15,CWE,2008,1.248499089003537
15,Iberia,1991,15.6853263339367
15,Iberia,1997,12.74468759713767
15,Iberia,2000,8.36106832587743
15,Iberia,2002,11.23331332946717
15,Iberia,2006,12.113325571039764
15,Iberia,2008,10.275951587766745
15,Italy,1991,1.4829042662795626
15,Italy,1997,1.2006605867463376
15,Italy,2000,0.8326162866695193
15,Italy,2002,1.6075545920764625
15,Italy,2006,1.3494522313485706
15,Italy,2008,1.2399664002017576
15,Northern,1991,14.19360950068194
15,Northern,1997,16.794217674663507
15,Northern,2000,13.887594989490994
15,Northern,2002,15.663161446632007
15,Northern,2006,13.386660064261003
15,Northern,2008,15.72126740776194
15,SEE,1991,4.148149120286241
15,SEE,1997,4.192369199973778
15,SEE,2000,4.278513353554038
15,SEE,2002,4.150746419353736
15,SEE,2006,4.3870926080414225
15,SEE,2008,4.247679185277804
16,UK & Ireland,1991,0.016293014360255875
16,UK & Ireland,1997,0.013482269356580446
16,UK & Ireland,2000,0.00946049817027591
16,UK & Ireland,2002,0.003718630310819015
16,UK & Ireland,2006,0.01267173601465685
16,UK & Ireland,2008,0.012924050645788058
16,CEE,1991,0.2549784106173422
16,CEE,1997,0.31052824401955526
16,CEE,2000,0.4720689356648056
16,CEE,2002,0.2656056820570461
16,CEE,2006,0.34532181599141476
16,CEE,2008,0.35742268586984216
16,CWE,1991,2.1110340653534854
16,CWE,1997,1.5556543091353332
16,CWE,2000,1.2089254598988477
16,CWE,2002,1.2926590496332404
16,CWE,2006,2.072501640439068
16,CWE,2008,1.4999773236939744
16,Iberia,1991,16.141094573910017
16,Iberia,1997,12.511145525939046
16,Iberia,2000,9.313819994690048
16,Iberia,2002,11.140943385718897
16,Iberia,2006,12.428535220114444
16,Iberia,2008,11.034925550446179
16,Italy,1991,1.505020634442902
16,Italy,1997,1.1499022051085985
16,Italy,2000,0.8713321878820839
16,Italy,2002,1.700173509062652
16,Italy,2006,1.4571152178515416
16,Italy,2008,1.3302588483343463
16,Northern,1991,15.59615813142615
16,Northern,1997,15.401744440007805
16,Northern,2000,13.031682824745406
16,Northern,2002,14.987899013255243
16,Northern,2006,13.157050725183169
16,Northern,2008,13.968257215901788
16,SEE,1991,4.265832334563051
16,SEE,1997,4.25746085930756
16,SEE,2000,4.410383373885876
16,SEE,2002,4.299676313532911
16,SEE,2006,4.551285209033919
16,SEE,2008,4.430612683171218
17,UK & Ireland,1991,0.01206721923552785
17,UK & Ireland,1997,0.007911939444535535
17,UK & Ireland,2000,0.012736309742519603
17,UK & Ireland,2002,0.012732625990968024
17,UK & Ireland,2006,0.013132707068053135
17,UK & Ireland,2008,0.01182078488547726
17,CEE,1991,0.2511610507926805
17,CEE,1997,0.32271952886867744
17,CEE,2000,0.5017609245771355
17,CEE,2002,0.28208748574097947
17,CEE,2006,0.34778569611844495
17,CEE,2008,0.38141755784222564
17,CWE,1991,1.7947718585601835
17,CWE,1997,1.4213211805469577
17,CWE,2000,1.4390373865985175
17,CWE,2002,1.2973492347985973
17,CWE,2006,2.510158133682582
17,CWE,2008,1.7120229574183092
17,Iberia,1991,16.289970835256447
17,Iberia,1997,12.505312073041281
17,Iberia,2000,10.252149996441865
17,Iberia,2002,11.12014751459677
17,Iberia,2006,12.748763881541134
17,Iberia,2008,11.744897223724921
17,Italy,1991,1.4863415476947552
17,Italy,1997,1.122082013581891
17,Italy,2000,1.017982243873731
17,Italy,2002,1.7671189503668259
17,Italy,2006,1.5790165663976736
17,Italy,2008,1.4142460751903467
17,Northern,1991,14.884651455386672
17,Northern,1997,13.797991555496345
17,Northern,2000,13.77632321715766
17,Northern,2002,17.58221841573362
17,Northern,2006,13.416090440541165
17,Northern,2008,13.247363394316874
17,SEE,1991,4.376361876723808
17,SEE,1997,4.447860998619849
17,SEE,2000,4.558545804954018
17,SEE,2002,4.428656424750062
17,SEE,2006,4.7077129328428535
17,SEE,2008,4.644392647672575
18,UK & Ireland,1991,0.009504011720938892
18,UK & Ireland,1997,0.01412405585369508
18,UK & Ireland,2000,0.01659582312990272
18,UK & Ireland,2002,0.01834972760874851
18,UK & Ireland,2006,0.012438210516034493
18,UK & Ireland,2008,0.013237754683314767
18,CEE,1991,0.2645270429319683
18,CEE,1997,0.36577190955513483
18,CEE,2000,0.5484149993986362
18,CEE,2002,0.32496391978658135
18,CEE,2006,0.3964632942810208
18,CEE,2008,0.4148879919980459
18,CWE,1991,1.724796079555399
18,CWE,1997,1.6257593569978748
18,CWE,2000,1.7325398145992994
18,CWE,2002,1.4992971338298715
18,CWE,2006,2.6514294648451964
18,CWE,2008,2.1072902592211555
18,Iberia,1991,16.480442804684877
18,Iberia,1997,12.560152507054228
18,Iberia,2000,10.9462260501019
18,Iberia,2002,11.089226651138853
18,Iberia,2006,12.801171384360652
18,Iberia,2008,12.114195796351503
18,Italy,1991,1.4816242837503992
18,Italy,1997,1.1240871290288312
18,Italy,2000,1.246361024172114
18,Italy,2002,1.8860214215106712
18,Italy,2006,1.6826661991873888
18,Italy,2008,1.5186153552653083
18,Northern,1991,14.757682970173883
18,Northern,1997,13.304406400802623
18,Northern,2000,16.246736842316512
18,Northern,2002,24.028731095841167
18,Northern,2006,17.99522349049442
18,Northern,2008,18.433960011589114
18,SEE,1991,4.4607123312007
18,SEE,1997,4.591213353907535
18,SEE,2000,4.677236800528041
18,SEE,2002,4.532881007026347
18,SEE,2006,4.82476320878832
18,SEE,2008,4.747303558147178
19,UK & Ireland,1991,0.010292836155453917
19,UK & Ireland,1997,0.013969862535690483
19,UK & Ireland,2000,0.012804840108594239
19,UK & Ireland,2002,0.00970635931229959
19,UK & Ireland,2006,0.013696525400980234
19,UK & Ireland,2008,0.011432577052637793
19,CEE,1991,0.3027048290962765
19,CEE,1997,0.4050041803920075
19,CEE,2000,0.5789223860997348
19,CEE,2002,0.31599477564989725
19,CEE,2006,0.4115757336448453
19,CEE,2008,0.4257997020217336
19,CWE,1991,1.4478701728076935
19,CWE,1997,1.7282624436129317
19,CWE,2000,1.9519892636864644
19,CWE,2002,1.4689938438206462
19,CWE,2006,2.7378088228064077
19,CWE,2008,2.457674293858331
19,Iberia,1991,16.460334282624295
19,Iberia,1997,12.57418607900777
19,Iberia,2000,11.279094404210118
19,Iberia,2002,10.995493091226137
19,Iberia,2006,12.540538613684005
19,Iberia,2008,12.088662000499134
19,Italy,1991,1.4991473076978932
19,Italy,1997,1.1915266650032306
19,Italy,2000,1.5442563931317779
19,Italy,2002,2.087146116055964
19,Italy,2006,1.828425349671287
19,Italy,2008,1.6749238148941599
19,Northern,1991,14.439722221124178
19,Northern,1997,13.988536295376724
19,Northern,2000,20.840514478423636
19,Northern,2002,29.819199137006283
19,Northern,2006,26.300229092852145
19,Northern,2008,26.19288039471929
19,SEE,1991,4.478408309190032
19,SEE,1997,4.647686700006885
19,SEE,2000,4.680930524961764
19,SEE,2002,4.488861878096373
19,SEE,2006,4.825044812119874
19,SEE,2008,4.726623361777623
20,UK & Ireland,1991,0.010657235686975772
20,UK & Ireland,1997,0.013618989293769788
20,UK & Ireland,2000,0.013615398034546665
20,UK & Ireland,2002,0.010589465071404118
20,UK & Ireland,2006,0.009911423043238861
20,UK & Ireland,2008,0.014767023783900896
20,CEE,1991,0.3297630624193991
20,CEE,1997,0.42497608866105246
20,CEE,2000,0.6237302983068663
20,CEE,2002,0.3402388846389058
20,CEE,2006,0.4318901987525401
20,CEE,2008,0.4435827333679356
20,CWE,1991,1.5491957027449996
20,CWE,1997,2.197936662988417
20,CWE,2000,2.41105158095228
20,CWE,2002,1.8041006558345212
20,CWE,2006,3.2407981416175047
20,CWE,2008,2.9299799044774093
20,Iberia,1991,16.278396764646917
20,Iberia,1997,12.218164216330235
20,Iberia,2000,11.445054646788309
20,Iberia,2002,10.920428369247487
20,Iberia,2006,12.196017251204749
20,Iberia,2008,12.13546477743237
20,Italy,1991,1.5235838334631764
20,Italy,1997,1.3585010632950767
20,Italy,2000,1.8538941976157317
20,Italy,2002,2.286041154602666
20,Italy,2006,2.0168570924792375
20,Italy,2008,1.8660802502189404
20,Northern,1991,14.991427428868354
20,Northern,1997,18.13836944140879
20,Northern,2000,26.54471003187545
20,Northern,2002,36.31163961202709
20,Northern,2006,31.161523949113917
20,Northern,2008,32.09962031405143
20,SEE,1991,4.501182948692831
20,SEE,1997,4.679324690135953
20,SEE,2000,4.702191282062134
20,SEE,2002,4.511195183893343
20,SEE,2006,4.84726909784847
20,SEE,2008,4.736913620743777
21,UK & Ireland,1991,0.012170988197518632
21,UK & Ireland,1997,0.01590230117955106
21,UK & Ireland,2000,0.012786054393144754
21,UK & Ireland,2002,0.011711816069848113
21,UK & Ireland,2006,0.014438956378327818
21,UK & Ireland,2008,0.01116077806066743
21,CEE,1991,0.3697739036259461
21,CEE,1997,0.442087736012342
21,CEE,2000,0.6341852825906257
21,CEE,2002,0.3443231483125706
21,CEE,2006,0.44479362670850986
21,CEE,2008,0.46485236417118603
21,CWE,1991,1.7096581041199923
21,CWE,1997,2.569428972871392
21,CWE,2000,2.7808479060562212
21,CWE,2002,2.2240581296599213
21,CWE,2006,3.796523636900382
21,CWE,2008,3.007643987514839
21,Iberia,1991,16.216676446216983
21,Iberia,1997,12.189814264387588
21,Iberia,2000,11.364130262018021
21,Iberia,2002,11.00343946046842
21,Iberia,2006,12.035283250740223
21,Iberia,2008,12.219128938230309
21,Italy,1991,1.5549492277715493
21,Italy,1997,1.5445365012292447
21,Italy,2000,2.1038810270398165
21,Italy,2002,2.495353981704762
21,Italy,2006,2.194958400694138
21,Italy,2008,2.0035546851335253
21,Northern,1991,16.393514688693177
21,Northern,1997,21.759029428287842
21,Northern,2000,34.68798613645662
21,Northern,2002,42.25852074462995
21,Northern,2006,35.22924177435316
21,Northern,2008,35.63940071009335
21,SEE,1991,4.585035579964257
21,SEE,1997,4.732508456178213
21,SEE,2000,4.732045714007751
21,SEE,2002,4.536239162880916
21,SEE,2006,4.885645317650671
21,SEE,2008,4.808026254216208
22,UK & Ireland,1991,0.011391903255794996
22,UK & Ireland,1997,0.00950285066344026
22,UK & Ireland,2000,0.009680358261946154
22,UK & Ireland,2002,0.012667451355695554
22,UK & Ireland,2006,0.016577649622081955
22,UK & Ireland,2008,0.016317250982050262
22,CEE,1991,0.37998316944563504
22,CEE,1997,0.44826466084883776
22,CEE,2000,0.6491341666941333
22,CEE,2002,0.3549027575000107
22,CEE,2006,0.4804189225594007
22,CEE,2008,0.48244952211481507
22,CWE,1991,1.9998647101993412
22,CWE,1997,2.704281436423091
22,CWE,2000,3.211440025887584
22,CWE,2002,2.5303049396240214
22,CWE,2006,4.031381026315992
22,CWE,2008,3.3675424030173198
22,Iberia,1991,15.829414582231266
22,Iberia,1997,11.98365839882094
22,Iberia,2000,11.252784202332485
22,Iberia,2002,10.784476557631029
22,Iberia,2006,11.728163544284435
22,Iberia,2008,12.47809800614387
22,Italy,1991,1.6152238318791876
22,Italy,1997,1.6833236030636596
22,Italy,2000,2.279344355829763
22,Italy,2002,2.71495551303452
22,Italy,2006,2.306820371942925
22,Italy,2008,2.256255111759597
22,Northern,1991,18.107611444580893
22,Northern,1997,25.708202408080314
22,Northern,2000,43.85842443340703
22,Northern,2002,49.88776024517851
22,Northern,2006,38.46772190547527
22,Northern,2008,40.42864963209082
22,SEE,1991,4.58169069879488
22,SEE,1997,4.780130813317808
22,SEE,2000,4.749490152271037
22,SEE,2002,4.5604943716910995
22,SEE,2006,4.935738434240223
22,SEE,2008,4.830223273121089
23,UK & Ireland,1991,0.010965769534840079
23,UK & Ireland,1997,0.0132617922876988
23,UK & Ireland,2000,0.012507892836208753
23,UK & Ireland,2002,0.013223381180091809
23,UK & Ireland,2006,0.012081705673136206
23,UK & Ireland,2008,0.013189672332323071
23,CEE,1991,0.40164162550982874
23,CEE,1997,0.44022439610807645
23,CEE,2000,0.6542985045197834
23,CEE,2002,0.37254075631617645
23,CEE,2006,0.5123442345132392
23,CEE,2008,0.4919439872920841
23,CWE,1991,2.1526147881054865
23,CWE,1997,2.627980805733576
23,CWE,2000,3.4121612668534604
23,CWE,2002,2.854942874142179
23,CWE,2006,4.0057756240921325
23,CWE,2008,3.5141166721149917
23,Iberia,1991,15.499199584276862
23,Iberia,1997,12.212013999114316
23,Iberia,2000,11.069171818976256
23,Iberia,2002,10.787354525724762
23,Iberia,2006,11.358908046650395
23,Iberia,2008,12.570101643784014
23,Italy,1991,1.7325068092012588
23,Italy,1997,1.8111778146447823
23,Italy,2000,2.398619067607635
23,Italy,2002,2.951304601764104
23,Italy,2006,2.324439026715106
23,Italy,2008,2.4702692181835224
23,Northern,1991,20.144943758169312
23,Northern,1997,32.138924215239356
23,Northern,2000,52.033417937148684
23,Northern,2002,57.037254429667584
23,Northern,2006,39.79770382987705
23,Northern,2008,46.158384142821866
23,SEE,1991,4.609989778131587
23,SEE,1997,4.794245057791933
23,SEE,2000,4.7610312342408365
23,SEE,2002,4.577608959761539
23,SEE,2006,4.993558630048705
23,SEE,2008,4.858632962273992
24,UK & Ireland,1991,0.014626847335039366
24,UK & Ireland,1997,0.015963003824097467
24,UK & Ireland,2000,0.013354910075796297
24,UK & Ireland,2002,0.011130850558951308
24,UK & Ireland,2006,0.014462014930518213
24,UK & Ireland,2008,0.014394181843285453
24,CEE,1991,0.42605427148422254
24,CEE,1997,0.4439998471464285
24,CEE,2000,0.6453639069535546
24,CEE,2002,0.4000350626536312
24,CEE,2006,0.5326993464614501
24,CEE,2008,0.5062318778210286
24,CWE,1991,2.4479489896405022
24,CWE,1997,2.8509821583054586
24,CWE,2000,3.6998128094288814
24,CWE,2002,3.0997333007552945
24,CWE,2006,3.934471023332642
24,CWE,2008,3.7487149013295973
24,Iberia,1991,15.227202774600684
24,Iberia,1997,12.137199730330504
24,Iberia,2000,11.111359721661785
24,Iberia,2002,10.628767127995593
24,Iberia,2006,11.01658706601469
24,Iberia,2008,12.648294482115189
24,Italy,1991,1.8902176550494736
24,Italy,1997,2.010389756379501
24,Italy,2000,2.5475720366215775
24,Italy,2002,3.1520970249224263
24,Italy,2006,2.3435829829820527
24,Italy,2008,2.666550204208361
24,Northern,1991,24.429561228742852
24,Northern,1997,39.78712721846714
24,Northern,2000,59.62287741988417
24,Northern,2002,61.93737159977647
24,Northern,2006,40.42249849855773
24,Northern,2008,50.096231173725265
24,SEE,1991,4.581530984452865
24,SEE,1997,4.752758015932156
24,SEE,2000,4.696198594036686
24,SEE,2002,4.535926143232547
24,SEE,2006,4.968486451164148
24,SEE,2008,4.839439777955636
25,UK & Ireland,1991,0.014034337879375953
25,UK & Ireland,1997,0.014669979042025182
25,UK & Ireland,2000,0.013680421034392074
25,UK & Ireland,2002,0.013325754256060411
25,UK & Ireland,2006,0.012653172239210347
25,UK & Ireland,2008,0.009122563771967076
25,CEE,1991,0.4210761527990469
25,CEE,1997,0.4552402974994196
25,CEE,2000,0.646819132985551
25,CEE,2002,0.3895780987334282
25,CEE,2006,0.5471597210785915
25,CEE,2008,0.5222982594995998
25,CWE,1991,2.709451174140186
25,CWE,1997,3.1398226196629357
25,CWE,2000,4.145000920787866
25,CWE,2002,3.4785038913113335
25,CWE,2006,4.086447666252944
25,CWE,2008,3.9754131045885854
25,Iberia,1991,14.835697779454515
25,Iberia,1997,11.874366984166713
25,Iberia,2000,10.906271760855086
25,Iberia,2002,10.1919567805169
25,Iberia,2006,10.586257071638968
25,Iberia,2008,12.526131028364615
25,Italy,1991,2.1702318201389033
25,Italy,1997,2.227405343158981
25,Italy,2000,2.6843904311900255
25,Italy,2002,3.2018311694142563
25,Italy,2006,2.402887422168357
25,Italy,2008,2.8600810115570416
25,Northern,1991,30.243678800060632
25,Northern,1997,47.22848334079068
25,Northern,2000,66.61570554362197
25,Northern,2002,65.01917631595947
25,Northern,2006,40.93721876592928
25,Northern,2008,53.442777964113574
25,SEE,1991,4.490949447113299
25,SEE,1997,4.644569989246463
25,SEE,2000,4.608659824401116
25,SEE,2002,4.431928576467976
25,SEE,2006,4.883782309903574
25,SEE,2008,4.777194200578042
26,UK & Ireland,1991,0.010471437690071644
26,UK & Ireland,1997,0.014528513829934128
26,UK & Ireland,2000,0.015341999836702818
26,UK & Ireland,2002,0.015327117243544491
26,UK & Ireland,2006,0.014397876721658797
26,UK & Ireland,2008,0.013169247659279142
26,CEE,1991,0.4423586566396159
26,CEE,1997,0.4600968986330876
26,CEE,2000,0.6360659846717772
26,CEE,2002,0.37159146295897744
26,CEE,2006,0.5470714630379606
26,CEE,2008,0.52038228306941
26,CWE,1991,3.235605737036004
26,CWE,1997,3.4310896380263363
26,CWE,2000,4.419524482668492
26,CWE,2002,3.768115438209476
26,CWE,2006,4.374959697185303
26,CWE,2008,4.246942897146787
26,Iberia,1991,14.296947809115608
26,Iberia,1997,11.520572221272186
26,Iberia,2000,10.456459571883423
26,Iberia,2002,9.796943157973073
26,Iberia,2006,10.041876059185341
26,Iberia,2008,12.30418996651653
26,Italy,1991,2.4861451644539163
26,Italy,1997,2.4848374240705886
26,Italy,2000,2.756458262314358
26,Italy,2002,3.2016425430980173
26,Italy,2006,2.4757909405005165
26,Italy,2008,3.045398717417457
26,Northern,1991,35.83137881498976
26,Northern,1997,54.66162859952791
26,Northern,2000,74.33623952497346
26,Northern,2002,66.91528574010262
26,Northern,2006,41.89739886865619
26,Northern,2008,56.46512780974105
26,SEE,1991,4.451988589303541
26,SEE,1997,4.581746154572191
26,SEE,2000,4.534823213186328
26,SEE,2002,4.350088938200237
26,SEE,2006,4.80789590946606
26,SEE,2008,4.709349376557269
27,UK & Ireland,1991,0.011088554300055661
27,UK & Ireland,1997,0.012760663412195762
27,UK & Ireland,2000,0.008864043895532019
27,UK & Ireland,2002,0.01064133082653302
27,UK & Ireland,2006,0.01029117016729265
27,UK & Ireland,2008,0.010899005963061151
27,CEE,1991,0.4567636212101642
27,CEE,1997,0.4524051326051299
27,CEE,2000,0.6301312668589605
27,CEE,2002,0.37337889321048423
27,CEE,2006,0.5725495564202173
27,CEE,2008,0.5224509736726874
27,CWE,1991,3.667984380452938
27,CWE,1997,3.829376175764309
27,CWE,2000,4.536686475293777
27,CWE,2002,4.136262778197767
27,CWE,2006,4.637801450379296
27,CWE,2008,4.493369293186956
27,Iberia,1991,13.824141304854242
27,Iberia,1997,11.186293768997869
27,Iberia,2000,9.91974454025746
27,Iberia,2002,9.239325635517114
27,Iberia,2006,9.399715862579667
27,Iberia,2008,11.95682408301683
27,Italy,1991,2.6653445866817127
27,Italy,1997,2.7559820002329265
27,Italy,2000,2.798267736795711
27,Italy,2002,3.204795918509745
27,Italy,2006,2.551453543921179
27,Italy,2008,3.190126269762872
27,Northern,1991,39.41078348796067
27,Northern,1997,60.81613477446748
27,Northern,2000,80.63623378463367
27,Northern,2002,68.56064706070003
27,Northern,2006,42.314718802224476
27,Northern,2008,58.22780738565685
27,SEE,1991,4.384105829071479
27,SEE,1997,4.488792703114131
27,SEE,2000,4.448558638121539
27,SEE,2002,4.249655914750354
27,SEE,2006,4.773958108637576
27,SEE,2008,4.610062999416992
28,UK & Ireland,1991,0.014371269282695675
28,UK & Ireland,1997,0.015026981467052882
28,UK & Ireland,2000,0.016165414428924173
28,UK & Ireland,2002,0.011253147724159184
28,UK & Ireland,2006,0.01594570764734055
28,UK & Ireland,2008,0.013965717949174603
28,CEE,1991,0.4805233288569609
28,CEE,1997,0.49814638623768503
28,CEE,2000,0.6485215251742443
28,CEE,2002,0.37437951126160623
28,CEE,2006,0.5814171784734221
28,CEE,2008,0.5338169690830942
28,CWE,1991,4.14975135393712
28,CWE,1997,4.268290248930569
28,CWE,2000,4.8549508722439505
28,CWE,2002,4.427616752430698
28,CWE,2006,4.991712877843724
28,CWE,2008,4.815715373501325
28,Iberia,1991,13.151473715272713
28,Iberia,1997,10.641806014715543
28,Iberia,2000,9.549026659610869
28,Iberia,2002,8.69640678638405
28,Iberia,2006,8.751017605704394
28,Iberia,2008,11.54807442385712
28,Italy,1991,2.8080732796943586
28,Italy,1997,2.9983104648007877
28,Italy,2000,2.8824206509718953
28,Italy,2002,3.202091729803059
28,Italy,2006,2.6265099836219328
28,Italy,2008,3.201815502450343
28,Northern,1991,41.94104389098492
28,Northern,1997,64.49992937959162
28,Northern,2000,84.86435862608943
28,Northern,2002,70.64575946174122
28,Northern,2006,42.71645721709188
28,Northern,2008,59.559067362476235
28,SEE,1991,4.279470479525466
28,SEE,1997,4.358822178580812
28,SEE,2000,4.304047708113633
28,SEE,2002,4.08184363343905
28,SEE,2006,4.662918211685749
28,SEE,2008,4.471996562743859
29,UK & Ireland,1991,0.011850252531244656
29,UK & Ireland,1997,0.012285956290602248
29,UK & Ireland,2000,0.013193775455236728
29,UK & Ireland,2002,0.012026757419552158
29,UK & Ireland,2006,0.011933916358852697
29,UK & Ireland,2008,0.011858278467336234
29,CEE,1991,0.4882235992594691
29,CEE,1997,0.5146686981881887
29,CEE,2000,0.6648335721713455
29,CEE,2002,0.36370673189421515
29,CEE,2006,0.575744999828178
29,CEE,2008,0.5504745539492873
29,CWE,1991,4.617090558654944
29,CWE,1997,4.6779468672463
29,CWE,2000,4.968955636147881
29,CWE,2002,4.638100421796859
29,CWE,2006,5.199002635300097
29,CWE,2008,5.094635407936951
29,Iberia,1991,12.29156889704887
29,Iberia,1997,10.185918160156772
29,Iberia,2000,8.971785326472073
29,Iberia,2002,8.220989231975503
29,Iberia,2006,8.080136158404159
29,Iberia,2008,11.105151905478001
29,Italy,1991,2.9513644986643515
29,Italy,1997,3.1704039855986466
29,Italy,2000,2.9412513436267687
29,Italy,2002,3.20600892432461
29,Italy,2006,2.6629942700840483
29,Italy,2008,3.2052476423567584
29,Northern,1991,44.691180621347506
29,Northern,1997,66.8260253073481
29,Northern,2000,87.94822718482114
29,Northern,2002,73.06348753114194
29,Northern,2006,42.66512283663548
29,Northern,2008,60.81029448161373
29,SEE,1991,4.1288090374424815
29,SEE,1997,4.2017723246255105
29,SEE,2000,4.1769008704973025
29,SEE,2002,3.8591754741184237
29,SEE,2006,4.518008049289103
29,SEE,2008,4.297327076180425
30,UK & Ireland,1991,0.009440693041916371
30,UK & Ireland,1997,0.013366170713935957
30,UK & Ireland,2000,0.01701412859771675
30,UK & Ireland,2002,0.015179901352043768
30,UK & Ireland,2006,0.01086010622888016
30,UK & Ireland,2008,0.013372162967398791
30,CEE,1991,0.5025745014192378
30,CEE,1997,0.5424547490818383
30,CEE,2000,0.6710176212093882
30,CEE,2002,0.382955460991883
30,CEE,2006,0.5613880715379611
30,CEE,2008,0.5718069178621714
30,CWE,1991,4.972168100278955
30,CWE,1997,5.034857450781119
30,CWE,2000,5.1204898804784635
30,CWE,2002,5.033469242162952
30,CWE,2006,5.184315574345935
30,CWE,2008,5.245794001644064
30,Iberia,1991,11.521697925713111
30,Iberia,1997,9.416306213951735
30,Iberia,2000,8.379970695874674
30,Iberia,2002,7.591046761032817
30,Iberia,2006,7.336913281295125
30,Iberia,2008,10.524611936698498
30,Italy,1991,3.068140397323254
30,Italy,1997,3.202829212482635
30,Italy,2000,3.028328286476364
30,Italy,2002,3.202358294002882
30,Italy,2006,2.6966559480991688
30,Italy,2008,3.204063815748756
30,Northern,1991,46.74745334253303
30,Northern,1997,68.50653671168159
30,Northern,2000,89.6888529771823
30,Northern,2002,74.83871621737129
30,Northern,2006,42.0911530886353
30,Northern,2008,62.119059972903926
30,SEE,1991,3.9469953037993215
30,SEE,1997,3.990863663086363
30,SEE,2000,3.986184036973202
30,SEE,2002,3.6349553318693997
30,SEE,2006,4.286284089251492
30,SEE,2008,4.100215465193936
31,UK & Ireland,1991,0.013409874845663717
31,UK & Ireland,1997,0.01414719937798102
31,UK & Ireland,2000,0.013608415554169374
31,UK & Ireland,2002,0.013872460968328386
31,UK & Ireland,2006,0.013233588531406694
31,UK & Ireland,2008,0.01407727308192524
31,CEE,1991,0.5262954624627807
31,CEE,1997,0.5453238691532387
31,CEE,2000,0.6819079723054108
31,CEE,2002,0.3771873548392075
31,CEE,2006,0.5519962537600172
31,CEE,2008,0.5887543332867803
31,CWE,1991,5.454510334363691
31,CWE,1997,5.37465132264144
31,CWE,2000,5.382773252533512
31,CWE,2002,5.314440425469961
31,CWE,2006,5.406224881575073
31,CWE,2008,5.3919124214884375
31,Iberia,1991,11.04369171678581
31,Iberia,1997,8.622088593823689
31,Iberia,2000,7.762103946534919
31,Iberia,2002,7.017113685578533
31,Iberia,2006,6.722224926583803
31,Iberia,2008,9.95186624538155
31,Italy,1991,3.183141802842674
31,Italy,1997,3.2048191187460056
31,Italy,2000,3.1320984860908423
31,Italy,2002,3.2009545899223886
31,Italy,2006,2.807447780039852
31,Italy,2008,3.204487504526925
31,Northern,1991,47.780380590566665
31,Northern,1997,69.85971531507323
31,Northern,2000,90.55496296576128
31,Northern,2002,76.13970919267697
31,Northern,2006,41.45644023043585
31,Northern,2008,62.83487307549063
31,SEE,1991,3.782586914632297
31,SEE,1997,3.8177091254824953
31,SEE,2000,3.785116305631883
31,SEE,2002,3.4221375645182963
31,SEE,2006,4.031074989655853
31,SEE,2008,3.9270685483369743
32,UK & Ireland,1991,0.015119158305002121
32,UK & Ireland,1997,0.018285804963602856
32,UK & Ireland,2000,0.015029582128276013
32,UK & Ireland,2002,0.015031967013604939
32,UK & Ireland,2006,0.015116741323792798
32,UK & Ireland,2008,0.012140092696683502
32,CEE,1991,0.5664227836463854
32,CEE,1997,0.5608444318125174
32,CEE,2000,0.6927717113943669
32,CEE,2002,0.40085257246279415
32,CEE,2006,0.5837999208719123
32,CEE,2008,0.593339398966819
32,CWE,1991,5.879298014627457
32,CWE,1997,5.736452921785438
32,CWE,2000,5.768341935823725
32,CWE,2002,5.483207996469156
32,CWE,2006,5.689806293392304
32,CWE,2008,5.435671375177026
32,Iberia,1991,10.549572626204043
32,Iberia,1997,7.9008515349988375
32,Iberia,2000,7.356409157237532
32,Iberia,2002,6.551921517127355
32,Iberia,2006,6.3239086699618685
32,Iberia,2008,9.448531807443437
32,Italy,1991,3.203394930301857
32,Italy,1997,3.198130678242087
32,Italy,2000,3.202875492689604
32,Italy,2002,3.201555394020082
32,Italy,2006,2.8753910011052812
32,Italy,2008,3.20019219362137
32,Northern,1991,48.55515084809763
32,Northern,1997,70.0443187443256
32,Northern,2000,91.66945929599981
32,Northern,2002,77.03780453201786
32,Northern,2006,40.750653687579955
32,Northern,2008,63.06001684051842
32,SEE,1991,3.6139091079336914
32,SEE,1997,3.6653366563728835
32,SEE,2000,3.6103490089912116
32,SEE,2002,3.227057469052831
32,SEE,2006,3.8323401715079175
32,SEE,2008,3.725697485478312
33,UK & Ireland,1991,0.013665792558696559
33,UK & Ireland,1997,0.012992718426059346
33,UK & Ireland,2000,0.014373309097481924
33,UK & Ireland,2002,0.014460117907722362
33,UK & Ireland,2006,0.011995891727620282
33,UK & Ireland,2008,0.016523997372780097
33,CEE,1991,0.5690210824730614
33,CEE,1997,0.5752267130635799
33,CEE,2000,0.6810858106181074
33,CEE,2002,0.4443853999813766
33,CEE,2006,0.6079864572803274
33,CEE,2008,0.5933346656004173
33,CWE,1991,6.118596521865129
33,CWE,1997,5.907122679130837
33,CWE,2000,5.899299543805622
33,CWE,2002,5.588182955869971
33,CWE,2006,5.795895600656767
33,CWE,2008,5.6311513811192535
33,Iberia,1991,10.096368285284553
33,Iberia,1997,7.201464521367024
33,Iberia,2000,6.761535769991462
33,Iberia,2002,6.163703115269034
33,Iberia,2006,6.008048623187082
33,Iberia,2008,9.181716760786843
33,Italy,1991,3.20152341264813
33,Italy,1997,3.20505830870074
33,Italy,2000,3.2051277273629
33,Italy,2002,3.2056822326934937
33,Italy,2006,2.942258956602234
33,Italy,2008,3.204080115195872
33,Northern,1991,49.45591649964313
33,Northern,1997,69.73439372771092
33,Northern,2000,92.91820972719242
33,Northern,2002,77.91448268023738
33,Northern,2006,40.75456071003537
33,Northern,2008,63.47274722258305
33,SEE,1991,3.4841058493003936
33,SEE,1997,3.520329995820282
33,SEE,2000,3.462189274799414
33,SEE,2002,3.1327571488321557
33,SEE,2006,3.691950820442768
33,SEE,2008,3.568791662421121
34,UK & Ireland,1991,0.014854819215764821
34,UK & Ireland,1997,0.01508309999284559
34,UK & Ireland,2000,0.010136233299218393
34,UK & Ireland,2002,0.012885300891058037
34,UK & Ireland,2006,0.01440129366104497
34,UK & Ireland,2008,0.012840869074589513
34,CEE,1991,0.5767054667378362
34,CEE,1997,0.5688337645699434
34,CEE,2000,0.6575235233016091
34,CEE,2002,0.4783889812796533
34,CEE,2006,0.6179476771834287
34,CEE,2008,0.5917381568793153
34,CWE,1991,6.2376603991498385
34,CWE,1997,5.924737706427247
34,CWE,2000,5.909372163919256
34,CWE,2002,5.724012992342461
34,CWE,2006,6.060127460417501
34,CWE,2008,5.746454592532912
34,Iberia,1991,9.634447720753185
34,Iberia,1997,6.46860187895583
34,Iberia,2000,6.333796797030503
34,Iberia,2002,5.6265537644778965
34,Iberia,2006,5.6590576218755455
34,Iberia,2008,8.827939650700834
34,Italy,1991,3.205722124472907
34,Italy,1997,3.205651072857626
34,Italy,2000,3.204019780196539
34,Italy,2002,3.2039120596294306
34,Italy,2006,3.023743366440019
34,Italy,2008,3.2077323021112827
34,Northern,1991,50.21135710123525
34,Northern,1997,69.7964260494517
34,Northern,2000,94.64703038415615
34,Northern,2002,78.42039009145918
34,Northern,2006,41.49260454981304
34,Northern,2008,63.90097516845972
34,SEE,1991,3.3630335734556853
34,SEE,1997,3.399831161321765
34,SEE,2000,3.314506280086208
34,SEE,2002,3.0188163443076204
34,SEE,2006,3.5096237763749016
34,SEE,2008,3.400973097127617
35,UK & Ireland,1991,0.013184583432667908
35,UK & Ireland,1997,0.013310450861112513
35,UK & Ireland,2000,0.013878430416733705
35,UK & Ireland,2002,0.01222916189094356
35,UK & Ireland,2006,0.011274962778438521
35,UK & Ireland,2008,0.01203429808798832
35,CEE,1991,0.5697784103705816
35,CEE,1997,0.5721018259887068
35,CEE,2000,0.6537893256347556
35,CEE,2002,0.46485279917723543
35,CEE,2006,0.633425774298655
35,CEE,2008,0.582390097709688
35,CWE,1991,6.149121750033631
35,CWE,1997,6.101607884407418
35,CWE,2000,5.81297933797358
35,CWE,2002,5.769286159035521
35,CWE,2006,5.98583762831512
35,CWE,2008,5.7110652298721325
35,Iberia,1991,9.014421352258923
35,Iberia,1997,6.159938737891409
35,Iberia,2000,5.774742876518486
35,Iberia,2002,5.1465282275223245
35,Iberia,2006,5.132912970977084
35,Iberia,2008,8.399398398200152
35,Italy,1991,3.2042042695123447
35,Italy,1997,3.205661861598265
35,Italy,2000,3.2025035685579777
35,Italy,2002,3.2040779981549417
35,Italy,2006,3.0432208140615584
35,Italy,2008,3.1930044571304625
35,Northern,1991,50.17812794745851
35,Northern,1997,70.35220926858678
35,Northern,2000,95.70386025126514
35,Northern,2002,78.6841304719513
35,Northern,2006,42.566336425000685
35,Northern,2008,64.14618242975124
35,SEE,1991,3.2351554037300927
35,SEE,1997,3.258418402770105
35,SEE,2000,3.1462509481731136
35,SEE,2002,2.882587890972586
35,SEE,2006,3.3679865067167603
35,SEE,2008,3.232169082205
36,UK & Ireland,1991,0.011967739823663552
36,UK & Ireland,1997,0.013849989166009827
36,UK & Ireland,2000,0.013298283349932846
36,UK & Ireland,2002,0.012336239071839984
36,UK & Ireland,2006,0.014264837453373164
36,UK & Ireland,2008,0.012671458698127086
36,CEE,1991,0.5694858107284181
36,CEE,1997,0.5759557291911499
36,CEE,2000,0.6491176314243569
36,CEE,2002,0.4595190119373118
36,CEE,2006,0.6570058566479049
36,CEE,2008,0.560781727779398
36,CWE,1991,6.032600027772936
36,CWE,1997,6.290042174150449
36,CWE,2000,5.909448938925698
36,CWE,2002,5.825268980023126
36,CWE,2006,6.050027756274889
36,CWE,2008,5.867154675432812
36,Iberia,1991,8.593732565565947
36,Iberia,1997,5.705258333910197
36,Iberia,2000,5.313784784709444
36,Iberia,2002,4.689209744143583
36,Iberia,2006,4.592924707974094
36,Iberia,2008,8.152831460500302
36,Italy,1991,3.204983717532025
36,Italy,1997,3.2039202799001156
36,Italy,2000,3.199821613830927
36,Italy,2002,3.20291505764445
36,Italy,2006,3.0448081765363324
36,Italy,2008,3.2034381353919246
36,Northern,1991,50.95792203064053
36,Northern,1997,70.9587865347605
36,Northern,2000,96.5089495146427
36,Northern,2002,79.56800163894464
36,Northern,2006,44.36952742363921
36,Northern,2008,64.70178645876507
36,SEE,1991,3.120875841106211
36,SEE,1997,3.1231081999625694
36,SEE,2000,3.006888136309636
36,SEE,2002,2.750718788570923
36,SEE,2006,3.2444922576436697
36,SEE,2008,3.08637983511029
37,UK & Ireland,1991,0.012147940996570778
37,UK & Ireland,1997,0.014513808911279994
37,UK & Ireland,2000,0.012063028320324052
37,UK & Ireland,2002,0.012757122889592305
37,UK & Ireland,2006,0.013481493213206224
37,UK & Ireland,2008,0.012842349272110523
37,CEE,1991,0.5649263066628996
37,CEE,1997,0.5736371123898693
37,CEE,2000,0.6392096699079464
37,CEE,2002,0.44459994286069376
37,CEE,2006,0.6497521605223542
37,CEE,2008,0.5475013328206111
37,CWE,1991,5.800949936576928
37,CWE,1997,6.353008507162175
37,CWE,2000,5.601094014229051
37,CWE,2002,5.856786037620923
37,CWE,2006,5.977017126208788
37,CWE,2008,5.921783246281583
37,Iberia,1991,8.260722563762801
37,Iberia,1997,5.183473324236078
37,Iberia,2000,4.76795088453868
37,Iberia,2002,4.2496960644397905
37,Iberia,2006,4.089768059504283
37,Iberia,2008,7.919748416711365
37,Italy,1991,3.201081239872609
37,Italy,1997,3.2021949410300223
37,Italy,2000,3.156449316480125
37,Italy,2002,3.206485898038304
37,Italy,2006,3.0585317692043503
37,Italy,2008,3.2042483388448795
37,Northern,1991,51.71241374917495
37,Northern,1997,71.6631566695572
37,Northern,2000,97.22245778150717
37,Northern,2002,80.11908952344716
37,Northern,2006,45.25486008610952
37,Northern,2008,64.84168229577855
37,SEE,1991,3.0190964309656514
37,SEE,1997,3.018269489161296
37,SEE,2000,2.907676471102437
37,SEE,2002,2.6608735489562827
37,SEE,2006,3.13889122781892
37,SEE,2008,2.9528711438961843
38,UK & Ireland,1991,0.011871892527261582
38,UK & Ireland,1997,0.014971987511251679
38,UK & Ireland,2000,0.01306863147148227
38,UK & Ireland,2002,0.01360786444565287
38,UK & Ireland,2006,0.012780506111305144
38,UK & Ireland,2008,0.015206383160030902
38,CEE,1991,0.567801744659492
38,CEE,1997,0.5782331264496517
38,CEE,2000,0.6525340779231761
38,CEE,2002,0.4315453674137772
38,CEE,2006,0.6694848495017609
38,CEE,2008,0.5708364575607925
38,CWE,1991,5.632098382963704
38,CWE,1997,6.200397269377229
38,CWE,2000,5.553273359202821
38,CWE,2002,5.838280659816579
38,CWE,2006,5.897133876606757
38,CWE,2008,5.946346919276838
38,Iberia,1991,7.865849452963314
38,Iberia,1997,4.574832209287117
38,Iberia,2000,4.275792808337941
38,Iberia,2002,4.059560261988702
38,Iberia,2006,3.8105275657637745
38,Iberia,2008,7.599334057182043
38,Italy,1991,3.191968331176909
38,Italy,1997,3.1725718195894883
38,Italy,2000,3.178902587728356
38,Italy,2002,3.204304847958382
38,Italy,2006,3.15111517843727
38,Italy,2008,3.2055209003291076
38,Northern,1991,52.75504408354343
38,Northern,1997,72.46253445777883
38,Northern,2000,96.54798148558083
38,Northern,2002,80.0901995294713
38,Northern,2006,45.63644830991583
38,Northern,2008,64.33707346899257
38,SEE,1991,2.925951620077425
38,SEE,1997,2.9228805560874376
38,SEE,2000,2.811458249970214
38,SEE,2002,2.561248582125617
38,SEE,2006,3.0792662374538655
38,SEE,2008,2.871653094972496
39,UK & Ireland,1991,0.013129797190712278
39,UK & Ireland,1997,0.011923290824662994
39,UK & Ireland,2000,0.012736713500419388
39,UK & Ireland,2002,0.011184162357831448
39,UK & Ireland,2006,0.01168965538443514
39,UK & Ireland,2008,0.009259082699907571
39,CEE,1991,0.5566392239248216
39,CEE,1997,0.5456005855406656
39,CEE,2000,0.650271615272078
39,CEE,2002,0.4287524869485645
39,CEE,2006,0.6653066000382102
39,CEE,2008,0.5488746096339345
39,CWE,1991,5.788168769084073
39,CWE,1997,5.990180382622265
39,CWE,2000,5.6110677022464674
39,CWE,2002,5.646133823724993
39,CWE,2006,5.857925978694057
39,CWE,2008,5.858498995101265
39,Iberia,1991,7.631638998838968
39,Iberia,1997,3.9718233437771606
39,Iberia,2000,3.8100502239698333
39,Iberia,2002,3.7828310430228886
39,Iberia,2006,3.6641093313793034
39,Iberia,2008,7.361225117384666
39,Italy,1991,3.195796967256362
39,Italy,1997,3.102588547975919
39,Italy,2000,3.204914772394065
39,Italy,2002,3.2021231271933135
39,Italy,2006,3.1987893404719325
39,Italy,2008,3.179751786264013
39,Northern,1991,54.2688479458993
39,Northern,1997,72.4795542946927
39,Northern,2000,95.1453819003184
39,Northern,2002,79.74496094912334
39,Northern,2006,46.102100842081875
39,Northern,2008,63.54102069654992
39,SEE,1991,2.8558426597325406
39,SEE,1997,2.835295977267805
39,SEE,2000,2.721889718879713
39,SEE,2002,2.54037186548718
39,SEE,2006,3.0197710048171187
39,SEE,2008,2.7791034198341107
40,UK & Ireland,1991,0.015611262775877585
40,UK & Ireland,1997,0.011152579881127417
40,UK & Ireland,2000,0.014956876614763708
40,UK & Ireland,2002,0.009934477321891297
40,UK & Ireland,2006,0.01412789392592505
40,UK & Ireland,2008,0.015514578046951225
40,CEE,1991,0.5592683518996124
40,CEE,1997,0.5421808946446677
40,CEE,2000,0.6505156082495124
40,CEE,2002,0.4467587620022323
40,CEE,2006,0.6636993360277096
40,CEE,2008,0.5535718098671216
40,CWE,1991,5.994790762541883
40,CWE,1997,5.909610455775986
40,CWE,2000,5.671291198440128
40,CWE,2002,5.465165615099715
40,CWE,2006,6.023161844737612
40,CWE,2008,5.845098236745306
40,Iberia,1991,7.68876399949382
40,Iberia,1997,3.4766101745855607
40,Iberia,2000,3.704362353325797
40,Iberia,2002,3.393511427421848
40,Iberia,2006,3.435550169265622
40,Iberia,2008,7.169324044037527
40,Italy,1991,3.2042448595307755
40,Italy,1997,3.0595286742646124
40,Italy,2000,3.207117450076571
40,Italy,2002,3.187467519988145
40,Italy,2006,3.204158365886241
40,Italy,2008,3.152649421483317
40,Northern,1991,55.092110929402246
40,Northern,1997,71.97410525423925
40,Northern,2000,94.05763587600305
40,Northern,2002,79.39789150234249
40,Northern,2006,46.88300713155461
40,Northern,2008,63.054732928193935
40,SEE,1991,2.7937477366975565
40,SEE,1997,2.763446129824958
40,SEE,2000,2.69108535411424
40,SEE,2002,2.5389584009960933
40,SEE,2006,2.968899780907963
40,SEE,2008,2.726515486859893
41,UK & Ireland,1991,0.0121391061952752
41,UK & Ireland,1997,0.01396013161082088
41,UK & Ireland,2000,0.011635315270113569
41,UK & Ireland,2002,0.012011135943773957
41,UK & Ireland,2006,0.013186325099619922
41,UK & Ireland,2008,0.012786755185820353
41,CEE,1991,0.555641866766738
41,CEE,1997,0.5391866356329994
41,CEE,2000,0.658523407705107
41,CEE,2002,0.4412930191014612
41,CEE,2006,0.6665621103628039
41,CEE,2008,0.5588162671044377
41,CWE,1991,5.939625612589066
41,CWE,1997,6.008187591042062
41,CWE,2000,5.518575591866191
41,CWE,2002,5.292039801835781
41,CWE,2006,6.156952234681179
41,CWE,2008,5.810552172017041
41,Iberia,1991,7.732756559470223
41,Iberia,1997,3.2149125630383675
41,Iberia,2000,3.4795659714283413
41,Iberia,2002,3.2661149170091903
41,Iberia,2006,3.1873524860144817
41,Iberia,2008,7.1171649124523455
41,Italy,1991,3.2028366985468883
41,Italy,1997,3.012844400707851
41,Italy,2000,3.201539043410402
41,Italy,2002,3.17631797687986
41,Italy,2006,3.20205650590901
41,Italy,2008,3.1181754496451575
41,Northern,1991,55.35791442841139
41,Northern,1997,71.54230166349807
41,Northern,2000,93.26863836631807
41,Northern,2002,77.98439284208821
41,Northern,2006,48.14480352317924
41,Northern,2008,63.16552433359811
41,SEE,1991,2.761474420073696
41,SEE,1997,2.727984375876874
41,SEE,2000,2.7047754861131277
41,SEE,2002,2.5342585078995907
41,SEE,2006,2.958706252406843
41,SEE,2008,2.689927683133745
42,UK & Ireland,1991,0.015523647850198836
42,UK & Ireland,1997,0.014585549996329007
42,UK & Ireland,2000,0.012876248020369718
42,UK & Ireland,2002,0.012756953535673465
42,UK & Ireland,2006,0.0104530032395196
42,UK & Ireland,2008,0.013797634098040114
42,CEE,1991,0.5462524026037512
42,CEE,1997,0.541668616333612
42,CEE,2000,0.6414181072453548
42,CEE,2002,0.4557264411467636
42,CEE,2006,0.6468947607972831
42,CEE,2008,0.5301970365009707
42,CWE,1991,5.941428003669934
42,CWE,1997,5.84755137059677
42,CWE,2000,5.530419625198374
42,CWE,2002,5.239194416586461
42,CWE,2006,5.992863516596673
42,CWE,2008,5.783732904775341
42,Iberia,1991,7.782881988081377
42,Iberia,1997,3.1280941027687117
42,Iberia,2000,3.3639888902213055
42,Iberia,2002,3.420384554883565
42,Iberia,2006,3.2574685847345126
42,Iberia,2008,6.935040255380613
42,Italy,1991,3.204837847946575
42,Italy,1997,2.945661174693945
42,Italy,2000,3.204782800354064
42,Italy,2002,3.1936337350125696
42,Italy,2006,3.1796193530976287
42,Italy,2008,3.080461167109624
42,Northern,1991,55.39920154041509
42,Northern,1997,70.0711404268796
42,Northern,2000,92.60065364421563
42,Northern,2002,75.86587478279687
42,Northern,2006,48.52661397075863
42,Northern,2008,63.41530295712991
42,SEE,1991,2.787704439072758
42,SEE,1997,2.729874217835257
42,SEE,2000,2.7329596431303993
42,SEE,2002,2.6379633154878253
42,SEE,2006,2.985492491102334
42,SEE,2008,2.6848718136991896
43,UK & Ireland,1991,0.013509948854661197
43,UK & Ireland,1997,0.014837000100389387
43,UK & Ireland,2000,0.011000397812296055
43,UK & Ireland,2002,0.015703140377859692
43,UK & Ireland,2006,0.01183141503903875
43,UK & Ireland,2008,0.01639924499074867
43,CEE,1991,0.5432767536282973
43,CEE,1997,0.5132515777968867
43,CEE,2000,0.6359072961483097
43,CEE,2002,0.4761910280788748
43,CEE,2006,0.6318401578499941
43,CEE,2008,0.5003795490350079
43,CWE,1991,5.666651576864025
43,CWE,1997,5.536299764362245
43,CWE,2000,5.434448026951152
43,CWE,2002,5.2241595459180346
43,CWE,2006,5.979687607029584
43,CWE,2008,5.65017616672069
43,Iberia,1991,7.786175877476315
43,Iberia,1997,3.0581271328583024
43,Iberia,2000,3.2482368328935327
43,Iberia,2002,3.710812738862042
43,Iberia,2006,4.179263480735664
43,Iberia,2008,6.912243597249733
43,Italy,1991,3.2042302642119362
43,Italy,1997,2.8702663597992686
43,Italy,2000,3.2069089996555666
43,Italy,2002,3.205390788214027
43,Italy,2006,3.199639679356102
43,Italy,2008,3.0425502809913167
43,Northern,1991,54.844171990178666
43,Northern,1997,68.38015586154285
43,Northern,2000,91.76445333774414
43,Northern,2002,74.31670318734724
43,Northern,2006,48.67154072974134
43,Northern,2008,63.69795746869227
43,SEE,1991,2.850500330825165
43,SEE,1997,2.772635479050082
43,SEE,2000,2.762954451810104
43,SEE,2002,2.7321182991076784
43,SEE,2006,3.0165162931902683
43,SEE,2008,2.717236108592594
44,UK & Ireland,1991,0.013770600568307383
44,UK & Ireland,1997,0.006669422561496267
44,UK & Ireland,2000,0.013746805774455063
44,UK & Ireland,2002,0.012148270698379642
44,UK & Ireland,2006,0.014651661993269205
44,UK & Ireland,2008,0.009815843290680077
44,CEE,1991,0.5099244555091252
44,CEE,1997,0.4716071655557087
44,CEE,2000,0.6234816416228761
44,CEE,2002,0.4687851524048891
44,CEE,2006,0.627029990689224
44,CEE,2008,0.4859457554457373
44,CWE,1991,5.481115635332201
44,CWE,1997,4.832629004946382
44,CWE,2000,5.451641917155577
44,CWE,2002,5.027704576144794
44,CWE,2006,5.970599277209969
44,CWE,2008,5.479548953241295
44,Iberia,1991,7.773441686804771
44,Iberia,1997,3.00062588694624
44,Iberia,2000,3.1473653728754805
44,Iberia,2002,3.7125680792607936
44,Iberia,2006,4.624403866025606
44,Iberia,2008,7.098344430239267
44,Italy,1991,3.1817607733997266
44,Italy,1997,2.765385997057688
44,Italy,2000,3.207173175030269
44,Italy,2002,3.2018671863457304
44,Italy,2006,3.1817142293193457
44,Italy,2008,3.1275208873530413
44,Northern,1991,53.92602445157544
44,Northern,1997,66.72457314636956
44,Northern,2000,90.94351905221765
44,Northern,2002,72.76728818759732
44,Northern,2006,47.471008837439456
44,Northern,2008,63.11334405642159
44,SEE,1991,2.846260488383013
44,SEE,1997,2.7722817082106275
44,SEE,2000,2.7716713054450532
44,SEE,2002,2.7720147703112605
44,SEE,2006,3.0480482565457008
44,SEE,2008,2.741484762901766
45,UK & Ireland,1991,0.00880181900255109
45,UK & Ireland,1997,0.009209863272727329
45,UK & Ireland,2000,0.011774114621462864
45,UK & Ireland,2002,0.008098183338655788
45,UK & Ireland,2006,0.006451435842568342
45,UK & Ireland,2008,0.010181633586710611
45,CEE,1991,0.487966668539822
45,CEE,1997,0.44246905469591863
45,CEE,2000,0.5940858053548868
45,CEE,2002,0.4706982499017386
45,CEE,2006,0.6125668784402094
45,CEE,2008,0.4657879782318231
45,CWE,1991,5.3488803894838615
45,CWE,1997,4.728224473561089
45,CWE,2000,5.281776727043615
45,CWE,2002,4.735893266175064
45,CWE,2006,5.702899254022604
45,CWE,2008,5.466298642616797
45,Iberia,1991,7.885494616081796
45,Iberia,1997,4.021669049725866
45,Iberia,2000,3.419927146005363
45,Iberia,2002,3.5409814941371875
45,Iberia,2006,4.971558405663608
45,Iberia,2008,7.149955296985354
45,Italy,1991,3.1607386710473317
45,Italy,1997,2.744408013232637
45,Italy,2000,3.2070526955895784
45,Italy,2002,3.1738388612970665
45,Italy,2006,3.1367558922477703
45,Italy,2008,3.205237429699437
45,Northern,1991,53.45390864426419
45,Northern,1997,64.8389155081826
45,Northern,2000,90.23294349225684
45,Northern,2002,70.0253289337326
45,Northern,2006,46.187525249562206
45,Northern,2008,61.60718631923231
45,SEE,1991,2.853674538452961
45,SEE,1997,2.7555078205822516
45,SEE,2000,2.769367744374649
45,SEE,2002,2.7611018985711664
45,SEE,2006,2.9987284780861168
45,SEE,2008,2.748436712989353
46,UK & Ireland,1991,0.015645789254614583
46,UK & Ireland,1997,0.004975498115933055
46,UK & Ireland,2000,0.017818632397938437
46,UK & Ireland,2002,0.01517149818686603
46,UK & Ireland,2006,0.011525369125818634
46,UK & Ireland,2008,0.011976921069531162
46,CEE,1991,0.46900244869359486
46,CEE,1997,0.4470334498363972
46,CEE,2000,0.583062800657476
46,CEE,2002,0.4708105324456129
46,CEE,2006,0.6107720027259351
46,CEE,2008,0.4321430076538894
46,CWE,1991,5.278370383830062
46,CWE,1997,4.536183525768524
46,CWE,2000,5.053508135690197
46,CWE,2002,4.688722551162147
46,CWE,2006,5.708189465934731
46,CWE,2008,5.338692219661328
46,Iberia,1991,8.075864679447974
46,Iberia,1997,5.050704400101898
46,Iberia,2000,3.3184926546467493
46,Iberia,2002,3.709690063851281
46,Iberia,2006,5.015290303959947
46,Iberia,2008,7.253344632967112
46,Italy,1991,3.1614532801760915
46,Italy,1997,2.7745366200528356
46,Italy,2000,3.20780197737116
46,Italy,2002,3.1951415903780687
46,Italy,2006,3.107253074387829
46,Italy,2008,3.211082979568132
46,Northern,1991,52.295200123206506
46,Northern,1997,62.779877131312205
46,Northern,2000,89.31517384901703
46,Northern,2002,66.94503682051749
46,Northern,2006,44.673556601499534
46,Northern,2008,60.32326494368922
46,SEE,1991,2.9075700546371457
46,SEE,1997,2.832185026708132
46,SEE,2000,2.825003781767899
46,SEE,2002,2.803936027360039
46,SEE,2006,3.0047283735327044
46,SEE,2008,2.773721044030295
47,UK & Ireland,1991,0.008271733006839305
47,UK & Ireland,1997,0.012373270766742404
47,UK & Ireland,2000,0.012272299705593554
47,UK & Ireland,2002,0.013101079112340146
47,UK & Ireland,2006,0.014955309264384695
47,UK & Ireland,2008,0.01228987079104762
47,CEE,1991,0.4811853207147133
47,CEE,1997,0.4247726451785435
47,CEE,2000,0.5470068684254413
47,CEE,2002,0.465912908336922
47,CEE,2006,0.5843071756233073
47,CEE,2008,0.41094707212756426
47,CWE,1991,5.04196877853055
47,CWE,1997,4.158866840260403
47,CWE,2000,4.707133211868773
47,CWE,2002,4.421074405122976
47,CWE,2006,5.65946891893277
47,CWE,2008,5.131042123859691
47,Iberia,1991,8.604885741862672
47,Iberia,1997,5.756062885143422
47,Iberia,2000,3.2172597210195124
47,Iberia,2002,4.357167865816574
47,Iberia,2006,5.739513795337045
47,Iberia,2008,7.221121300411626
47,Italy,1991,3.156394013161158
47,Italy,1997,2.7659643733707964
47,Italy,2000,3.206176262501581
47,Italy,2002,3.205897710938416
47,Italy,2006,3.1105719007552963
47,Italy,2008,3.2059317959553666
47,Northern,1991,50.56411831955556
47,Northern,1997,60.35520940994629
47,Northern,2000,88.34373524459039
47,Northern,2002,63.65472205042341
47,Northern,2006,44.043877556467486
47,Northern,2008,58.60352672665547
47,SEE,1991,3.0369948939401086
47,SEE,1997,2.909670151091685
47,SEE,2000,2.91908819580206
47,SEE,2002,2.918116827507908
47,SEE,2006,3.065444710944159
47,SEE,2008,2.825744599407621
48,UK & Ireland,1991,0.017311625169575916
48,UK & Ireland,1997,0.016245219246270155
48,UK & Ireland,2000,0.014207491109063868
48,UK & Ireland,2002,0.015169786808534216
48,UK & Ireland,2006,0.010967472395007677
48,UK & Ireland,2008,0.015630666842356745
48,CEE,1991,0.49369539306605686
48,CEE,1997,0.399047384421717
48,CEE,2000,0.5374844311233583
48,CEE,2002,0.4551020830460059
48,CEE,2006,0.5620398878146325
48,CEE,2008,0.4077098892876691
48,CWE,1991,4.637470927186509
48,CWE,1997,3.6772665442640657
48,CWE,2000,4.432692206080428
48,CWE,2002,4.154167328733719
48,CWE,2006,5.3959543922607995
48,CWE,2008,4.742906172067174
48,Iberia,1991,8.883262147365269
48,Iberia,1997,6.510983659747641
48,Iberia,2000,3.7385355250569683
48,Iberia,2002,5.145341539650374
48,Iberia,2006,6.919590299941305
48,Iberia,2008,7.214924551190206
48,Italy,1991,3.1486536924682738
48,Italy,1997,2.7291428317611457
48,Italy,2000,3.2081633171297326
48,Italy,2002,3.2081275700503853
48,Italy,2006,3.0845504140351543
48,Italy,2008,3.201748750993711
48,Northern,1991,49.727594875411675
48,Northern,1997,56.9093329616681
48,Northern,2000,87.36244776486222
48,Northern,2002,60.18881602706345
48,Northern,2006,44.62315496940457
48,Northern,2008,56.19555190190937
48,SEE,1991,3.2796297679937148
48,SEE,1997,3.084176267203233
48,SEE,2000,3.129546164078834
48,SEE,2002,3.105447261382214
48,SEE,2006,3.226558232048454
48,SEE,2008,2.9959068057314733
49,UK & Ireland,1991,0.012746937360034245
49,UK & Ireland,1997,0.007615022359977153
49,UK & Ireland,2000,0.011377881428730294
49,UK & Ireland,2002,0.01420021686249875
49,UK & Ireland,2006,0.01344992709220004
49,UK & Ireland,2008,0.012146407160646178
49,CEE,1991,0.46647415342620613
49,CEE,1997,0.41905379126303166
49,CEE,2000,0.49399126332397664
49,CEE,2002,0.469986388822203
49,CEE,2006,0.5276140826423829
49,CEE,2008,0.40549515629062854
49,CWE,1991,4.165244382567692
49,CWE,1997,3.1611721936503754
49,CWE,2000,4.143500364516665
49,CWE,2002,3.772979304229622
49,CWE,2006,5.090860134154817
49,CWE,2008,4.442437261860107
49,Iberia,1991,8.951241617656358
49,Iberia,1997,6.72878987900858
49,Iberia,2000,4.687612642103084
49,Iberia,2002,5.785148578489256
49,Iberia,2006,7.904128723372825
49,Iberia,2008,7.570963867440849
49,Italy,1991,3.1211287581529574
49,Italy,1997,2.6837459554019896
49,Italy,2000,3.2044983264409295
49,Italy,2002,3.2066362048248105
49,Italy,2006,3.0920550984433617
49,Italy,2008,3.192122264827152
49,Northern,1991,48.36940482347148
49,Northern,1997,53.25302942534839
49,Northern,2000,86.34918094020723
49,Northern,2002,56.568367472734224
49,Northern,2006,45.00594791578923
49,Northern,2008,53.24603356734217
49,SEE,1991,3.4472233782943222
49,SEE,1997,3.2803623413845253
49,SEE,2000,3.2941983072738465
49,SEE,2002,3.366533239336685
49,SEE,2006,3.3653126659772417
49,SEE,2008,3.2387410431697274
50,UK & Ireland,1991,0.008522032661741593
50,UK & Ireland,1997,0.013766393619227024
50,UK & Ireland,2000,0.017030335149346935
50,UK & Ireland,2002,0.017018098719968476
50,UK & Ireland,2006,0.014845928319913384
50,UK & Ireland,2008,0.007240988383195298
50,CEE,1991,0.4585557583776401
50,CEE,1997,0.4053242994364661
50,CEE,2000,0.4634252540244143
50,CEE,2002,0.46219971139086546
50,CEE,2006,0.48436396939296233
50,CEE,2008,0.4148483007702116
50,CWE,1991,3.577172088953395
50,CWE,1997,3.1041190309223556
50,CWE,2000,4.167320937599222
50,CWE,2002,3.264878590271635
50,CWE,2006,4.789831759391634
50,CWE,2008,4.003396257634973
50,Iberia,1991,8.822676903288222
50,Iberia,1997,6.471148555907083
50,Iberia,2000,5.812066550443835
50,Iberia,2002,6.124561737109671
50,Iberia,2006,8.810510038789419
50,Iberia,2008,8.071670997929237
50,Italy,1991,3.063019285645485
50,Italy,1997,2.63284468206488
50,Italy,2000,3.2087154638556354
50,Italy,2002,3.206742431166996
50,Italy,2006,3.184968988711164
50,Italy,2008,3.203382065391543
50,Northern,1991,46.80544895133151
50,Northern,1997,50.705827126304946
50,Northern,2000,85.17348323168713
50,Northern,2002,52.66438256093326
50,Northern,2006,45.215099816881555
50,Northern,2008,49.99654185547473
50,SEE,1991,3.5320018151668773
50,SEE,1997,3.3952117290643073
50,SEE,2000,3.448738052721218
50,SEE,2002,3.4901011911936086
50,SEE,2006,3.492780650064719
50,SEE,2008,3.3974334555963877
51,UK & Ireland,1991,0.009721075324744468
51,UK & Ireland,1997,0.00853737532280238
51,UK & Ireland,2000,0.011982200579121034
51,UK & Ireland,2002,0.007663791729984306
51,UK & Ireland,2006,0.010871308082773402
51,UK & Ireland,2008,0.007370238772944634
51,CEE,1991,0.41736356029645355
51,CEE,1997,0.4035561434768251
51,CEE,2000,0.43400783031656825
51,CEE,2002,0.4206519176247198
51,CEE,2006,0.44675765178420546
51,CEE,2008,0.42548274214545684
51,CWE,1991,3.358710495916787
51,CWE,1997,3.1122198484282397
51,CWE,2000,4.003161394792185
51,CWE,2002,2.9941535591144732
51,CWE,2006,4.167697231638723
51,CWE,2008,3.6630154318777173
51,Iberia,1991,8.69584081169434
51,Iberia,1997,7.264019481464666
51,Iberia,2000,6.209338439422333
51,Iberia,2002,6.684245994372303
51,Iberia,2006,8.729008942283414
51,Iberia,2008,8.369540564628245
51,Italy,1991,2.9901021092179665
51,Italy,1997,2.6099734497343894
51,Italy,2000,3.203285505793187
51,Italy,2002,3.1870909925505595
51,Italy,2006,3.1980689738456345
51,Italy,2008,3.203753149869776
51,Northern,1991,45.51322685977244
51,Northern,1997,48.10637325945526
51,Northern,2000,82.64961770229611
51,Northern,2002,48.735567162662456
51,Northern,2006,44.24695797071339
51,Northern,2008,47.33061291069079
51,SEE,1991,3.524868578840187
51,SEE,1997,3.411712829653172
51,SEE,2000,3.4556677047388984
51,SEE,2002,3.473172552412449
51,SEE,2006,3.510167319474241
51,SEE,2008,3.4801375185129646
52,UK & Ireland,1991,0.01207615671162214
52,UK & Ireland,1997,0.013187919510988825
52,UK & Ireland,2000,0.011196121178489723
52,UK & Ireland,2002,0.010542096230654453
52,UK & Ireland,2006,0.003651470300039432
52,UK & Ireland,2008,0.01276157206860763
52,CEE,1991,0.42478867463594727
52,CEE,1997,0.4183254651081759
52,CEE,2000,0.42347867131066863
52,CEE,2002,0.40535676198474435
52,CEE,2006,0.43639868819935507
52,CEE,2008,0.4528383791923933
52,CWE,1991,3.514109920920868
52,CWE,1997,3.283166264917439
52,CWE,2000,3.674534338785533
52,CWE,2002,3.166670218633124
52,CWE,2006,3.5307014485967225
52,CWE,2008,3.6239318822106634
52,Iberia,1991,8.816091070045728
52,Iberia,1997,8.273162233105888
52,Iberia,2000,7.53781377480064
52,Iberia,2002,7.660031818261997
52,Iberia,2006,8.557430400235752
52,Iberia,2008,8.501535380788031
52,Italy,1991,2.9294244407290555
52,Italy,1997,2.6125327189912992
52,Italy,2000,3.2065401019932525
52,Italy,2002,3.165158123949987
52,Italy,2006,3.1668690916943274
52,Italy,2008,3.2071582081188548
52,Northern,1991,43.885136416545144
52,Northern,1997,45.304098019950786
52,Northern,2000,79.41909160631516
52,Northern,2002,45.378816057829454
52,Northern,2006,43.66301459512666
52,Northern,2008,45.02715173488995
52,SEE,1991,3.562112227830481
52,SEE,1997,3.503329576364301
52,SEE,2000,3.485517487158766
52,SEE,2002,3.4952815866096016
52,SEE,2006,3.543973838156419
52,SEE,2008,3.569261480922629
