h,id,label,fuel_class,OutputPower
2016-11-30T00:00:00Z,1996,1996-Median Demand,Demand,35680
2016-11-30T00:00:00Z,2000,2000-Low Demand,Demand,28329
2016-11-30T00:00:00Z,2001,2001-Low Demand,Demand,28843
2016-11-30T00:00:00Z,2008,2008-High Demand,Demand,35680
2016-11-30T00:00:00Z,2010,2010-High Demand,Demand,40255
2016-11-30T00:00:00Z,2012,2012-Lost Load,Demand,38338
2016-11-30T01:00:00Z,1996,1996-Median Demand,Demand,33447
2016-11-30T01:00:00Z,2000,2000-Low Demand,Demand,27276
2016-11-30T01:00:00Z,2001,2001-Low Demand,Demand,27740
2016-11-30T01:00:00Z,2008,2008-High Demand,Demand,34942
2016-11-30T01:00:00Z,2010,2010-High Demand,Demand,39246
2016-11-30T01:00:00Z,2012,2012-Lost Load,Demand,37473
2016-11-30T02:00:00Z,1996,1996-Median Demand,Demand,31808
2016-11-30T02:00:00Z,2000,2000-Low Demand,Demand,26944
2016-11-30T02:00:00Z,2001,2001-Low Demand,Demand,27297
2016-11-30T02:00:00Z,2008,2008-High Demand,Demand,35005
2016-11-30T02:00:00Z,2010,2010-High Demand,Demand,39005
2016-11-30T02:00:00Z,2012,2012-Lost Load,Demand,37251
2016-11-30T03:00:00Z,1996,1996-Median Demand,Demand,29645
2016-11-30T03:00:00Z,2000,2000-Low Demand,Demand,25871
2016-11-30T03:00:00Z,2001,2001-Low Demand,Demand,26075
2016-11-30T03:00:00Z,2008,2008-High Demand,Demand,34329
2016-11-30T03:00:00Z,2010,2010-High Demand,Demand,37762
2016-11-30T03:00:00Z,2012,2012-Lost Load,Demand,36306
2016-11-30T04:00:00Z,1996,1996-Median Demand,Demand,28207
2016-11-30T04:00:00Z,2000,2000-Low Demand,Demand,25213
2016-11-30T04:00:00Z,2001,2001-Low Demand,Demand,25206
2016-11-30T04:00:00Z,2008,2008-High Demand,Demand,34090
2016-11-30T04:00:00Z,2010,2010-High Demand,Demand,36842
2016-11-30T04:00:00Z,2012,2012-Lost Load,Demand,35813
2016-11-30T05:00:00Z,1996,1996-Median Demand,Demand,27657
2016-11-30T05:00:00Z,2000,2000-Low Demand,Demand,25018
2016-11-30T05:00:00Z,2001,2001-Low Demand,Demand,24812
2016-11-30T05:00:00Z,2008,2008-High Demand,Demand,34153
2016-11-30T05:00:00Z,2010,2010-High Demand,Demand,36358
2016-11-30T05:00:00Z,2012,2012-Lost Load,Demand,35827
2016-11-30T06:00:00Z,1996,1996-Median Demand,Demand,29994
2016-11-30T06:00:00Z,2000,2000-Low Demand,Demand,27405
2016-11-30T06:00:00Z,2001,2001-Low Demand,Demand,27030
2016-11-30T06:00:00Z,2008,2008-High Demand,Demand,36834
2016-11-30T06:00:00Z,2010,2010-High Demand,Demand,39030
2016-11-30T06:00:00Z,2012,2012-Lost Load,Demand,38423
2016-11-30T07:00:00Z,1996,1996-Median Demand,Demand,37989
2016-11-30T07:00:00Z,2000,2000-Low Demand,Demand,35257
2016-11-30T07:00:00Z,2001,2001-Low Demand,Demand,34744
2016-11-30T07:00:00Z,2008,2008-High Demand,Demand,45015
2016-11-30T07:00:00Z,2010,2010-High Demand,Demand,46774
2016-11-30T07:00:00Z,2012,2012-Lost Load,Demand,46470
2016-11-30T08:00:00Z,1996,1996-Median Demand,Demand,47606
2016-11-30T08:00:00Z,2000,2000-Low Demand,Demand,44633
2016-11-30T08:00:00Z,2001,2001-Low Demand,Demand,44044
2016-11-30T08:00:00Z,2008,2008-High Demand,Demand,54594
2016-11-30T08:00:00Z,2010,2010-High Demand,Demand,56083
2016-11-30T08:00:00Z,2012,2012-Lost Load,Demand,56098
2016-11-30T09:00:00Z,1996,1996-Median Demand,Demand,50890
2016-11-30T09:00:00Z,2000,2000-Low Demand,Demand,47614
2016-11-30T09:00:00Z,2001,2001-Low Demand,Demand,47000
2016-11-30T09:00:00Z,2008,2008-High Demand,Demand,57638
2016-11-30T09:00:00Z,2010,2010-High Demand,Demand,58987
2016-11-30T09:00:00Z,2012,2012-Lost Load,Demand,59017
2016-11-30T10:00:00Z,1996,1996-Median Demand,Demand,52563
2016-11-30T10:00:00Z,2000,2000-Low Demand,Demand,49016
2016-11-30T10:00:00Z,2001,2001-Low Demand,Demand,48416
2016-11-30T10:00:00Z,2008,2008-High Demand,Demand,58769
2016-11-30T10:00:00Z,2010,2010-High Demand,Demand,60191
2016-11-30T10:00:00Z,2012,2012-Lost Load,Demand,59575
2016-11-30T11:00:00Z,1996,1996-Median Demand,Demand,53128
2016-11-30T11:00:00Z,2000,2000-Low Demand,Demand,49427
2016-11-30T11:00:00Z,2001,2001-Low Demand,Demand,48840
2016-11-30T11:00:00Z,2008,2008-High Demand,Demand,58814
2016-11-30T11:00:00Z,2010,2010-High Demand,Demand,60417
2016-11-30T11:00:00Z,2012,2012-Lost Load,Demand,59077
2016-11-30T12:00:00Z,1996,1996-Median Demand,Demand,53606
2016-11-30T12:00:00Z,2000,2000-Low Demand,Demand,49827
2016-11-30T12:00:00Z,2001,2001-Low Demand,Demand,49236
2016-11-30T12:00:00Z,2008,2008-High Demand,Demand,58872
2016-11-30T12:00:00Z,2010,2010-High Demand,Demand,60717
2016-11-30T12:00:00Z,2012,2012-Lost Load,Demand,58535
2016-11-30T13:00:00Z,1996,1996-Median Demand,Demand,54092
2016-11-30T13:00:00Z,2000,2000-Low Demand,Demand,50234
2016-11-30T13:00:00Z,2001,2001-Low Demand,Demand,49674
2016-11-30T13:00:00Z,2008,2008-High Demand,Demand,58970
2016-11-30T13:00:00Z,2010,2010-High Demand,Demand,61152
2016-11-30T13:00:00Z,2012,2012-Lost Load,Demand,58283
2016-11-30T14:00:00Z,1996,1996-Median Demand,Demand,54225
2016-11-30T14:00:00Z,2000,2000-Low Demand,Demand,50264
2016-11-30T14:00:00Z,2001,2001-Low Demand,Demand,49633
2016-11-30T14:00:00Z,2008,2008-High Demand,Demand,58687
2016-11-30T14:00:00Z,2010,2010-High Demand,Demand,61330
2016-11-30T14:00:00Z,2012,2012-Lost Load,Demand,58019
2016-11-30T15:00:00Z,1996,1996-Median Demand,Demand,54609
2016-11-30T15:00:00Z,2000,2000-Low Demand,Demand,50583
2016-11-30T15:00:00Z,2001,2001-Low Demand,Demand,49762
2016-11-30T15:00:00Z,2008,2008-High Demand,Demand,58777
2016-11-30T15:00:00Z,2010,2010-High Demand,Demand,61880
2016-11-30T15:00:00Z,2012,2012-Lost Load,Demand,58389
2016-11-30T16:00:00Z,1996,1996-Median Demand,Demand,56098
2016-11-30T16:00:00Z,2000,2000-Low Demand,Demand,51952
2016-11-30T16:00:00Z,2001,2001-Low Demand,Demand,50927
2016-11-30T16:00:00Z,2008,2008-High Demand,Demand,60203
2016-11-30T16:00:00Z,2010,2010-High Demand,Demand,63642
2016-11-30T16:00:00Z,2012,2012-Lost Load,Demand,60427
2016-11-30T17:00:00Z,1996,1996-Median Demand,Demand,60948
2016-11-30T17:00:00Z,2000,2000-Low Demand,Demand,56606
2016-11-30T17:00:00Z,2001,2001-Low Demand,Demand,55420
2016-11-30T17:00:00Z,2008,2008-High Demand,Demand,64881
2016-11-30T17:00:00Z,2010,2010-High Demand,Demand,68654
2016-11-30T17:00:00Z,2012,2012-Lost Load,Demand,65799
2016-11-30T18:00:00Z,1996,1996-Median Demand,Demand,61900
2016-11-30T18:00:00Z,2000,2000-Low Demand,Demand,57488
2016-11-30T18:00:00Z,2001,2001-Low Demand,Demand,56138
2016-11-30T18:00:00Z,2008,2008-High Demand,Demand,65606
2016-11-30T18:00:00Z,2010,2010-High Demand,Demand,69647
2016-11-30T18:00:00Z,2012,2012-Lost Load,Demand,66893
2016-11-30T19:00:00Z,1996,1996-Median Demand,Demand,60760
2016-11-30T19:00:00Z,2000,2000-Low Demand,Demand,56445
2016-11-30T19:00:00Z,2001,2001-Low Demand,Demand,54841
2016-11-30T19:00:00Z,2008,2008-High Demand,Demand,64367
2016-11-30T19:00:00Z,2010,2010-High Demand,Demand,68571
2016-11-30T19:00:00Z,2012,2012-Lost Load,Demand,65969
2016-11-30T20:00:00Z,1996,1996-Median Demand,Demand,58380
2016-11-30T20:00:00Z,2000,2000-Low Demand,Demand,54278
2016-11-30T20:00:00Z,2001,2001-Low Demand,Demand,52343
2016-11-30T20:00:00Z,2008,2008-High Demand,Demand,61931
2016-11-30T20:00:00Z,2010,2010-High Demand,Demand,66279
2016-11-30T20:00:00Z,2012,2012-Lost Load,Demand,63780
2016-11-30T21:00:00Z,1996,1996-Median Demand,Demand,54950
2016-11-30T21:00:00Z,2000,2000-Low Demand,Demand,51083
2016-11-30T21:00:00Z,2001,2001-Low Demand,Demand,48822
2016-11-30T21:00:00Z,2008,2008-High Demand,Demand,58389
2016-11-30T21:00:00Z,2010,2010-High Demand,Demand,62907
2016-11-30T21:00:00Z,2012,2012-Lost Load,Demand,60462
2016-11-30T22:00:00Z,1996,1996-Median Demand,Demand,50077
2016-11-30T22:00:00Z,2000,2000-Low Demand,Demand,46430
2016-11-30T22:00:00Z,2001,2001-Low Demand,Demand,43854
2016-11-30T22:00:00Z,2008,2008-High Demand,Demand,53350
2016-11-30T22:00:00Z,2010,2010-High Demand,Demand,58063
2016-11-30T22:00:00Z,2012,2012-Lost Load,Demand,55643
2016-11-30T23:00:00Z,1996,1996-Median Demand,Demand,44897
2016-11-30T23:00:00Z,2000,2000-Low Demand,Demand,41484
2016-11-30T23:00:00Z,2001,2001-Low Demand,Demand,38617
2016-11-30T23:00:00Z,2008,2008-High Demand,Demand,48003
2016-11-30T23:00:00Z,2010,2010-High Demand,Demand,52662
2016-11-30T23:00:00Z,2012,2012-Lost Load,Demand,50454
2016-11-30T00:00:00Z,1996,1996-Median Demand,Fossil fuels,18437.988604032013
2016-11-30T00:00:00Z,2000,2000-Low Demand,Fossil fuels,9182.227213036216
2016-11-30T00:00:00Z,2001,2001-Low Demand,Fossil fuels,18699.94390637823
2016-11-30T00:00:00Z,2008,2008-High Demand,Fossil fuels,26989.975620447865
2016-11-30T00:00:00Z,2010,2010-High Demand,Fossil fuels,24348.775913116897
2016-11-30T00:00:00Z,2012,2012-Lost Load,Fossil fuels,27050.128124438725
2016-11-30T01:00:00Z,1996,1996-Median Demand,Fossil fuels,16131.911723658726
2016-11-30T01:00:00Z,2000,2000-Low Demand,Fossil fuels,9182.227213036216
2016-11-30T01:00:00Z,2001,2001-Low Demand,Fossil fuels,17119.949731133587
2016-11-30T01:00:00Z,2008,2008-High Demand,Fossil fuels,23400.746024736916
2016-11-30T01:00:00Z,2010,2010-High Demand,Fossil fuels,25585.276621664205
2016-11-30T01:00:00Z,2012,2012-Lost Load,Fossil fuels,26027.93396290995
2016-11-30T02:00:00Z,1996,1996-Median Demand,Fossil fuels,14351.311132454728
2016-11-30T02:00:00Z,2000,2000-Low Demand,Fossil fuels,9707.944376243038
2016-11-30T02:00:00Z,2001,2001-Low Demand,Fossil fuels,16213.501245581589
2016-11-30T02:00:00Z,2008,2008-High Demand,Fossil fuels,22850.663897312184
2016-11-30T02:00:00Z,2010,2010-High Demand,Fossil fuels,25123.692181252205
2016-11-30T02:00:00Z,2012,2012-Lost Load,Fossil fuels,25555.71263242368
2016-11-30T03:00:00Z,1996,1996-Median Demand,Fossil fuels,11974.595354578727
2016-11-30T03:00:00Z,2000,2000-Low Demand,Fossil fuels,9182.227213036216
2016-11-30T03:00:00Z,2001,2001-Low Demand,Fossil fuels,14410.179439705587
2016-11-30T03:00:00Z,2008,2008-High Demand,Fossil fuels,21790.151753799822
2016-11-30T03:00:00Z,2010,2010-High Demand,Fossil fuels,23643.150490717468
2016-11-30T03:00:00Z,2012,2012-Lost Load,Fossil fuels,24602.143620935683
2016-11-30T04:00:00Z,1996,1996-Median Demand,Fossil fuels,11531.056899690755
2016-11-30T04:00:00Z,2000,2000-Low Demand,Fossil fuels,9182.227213036216
2016-11-30T04:00:00Z,2001,2001-Low Demand,Fossil fuels,11363.088384282497
2016-11-30T04:00:00Z,2008,2008-High Demand,Fossil fuels,21252.035464807635
2016-11-30T04:00:00Z,2010,2010-High Demand,Fossil fuels,21294.463249492826
2016-11-30T04:00:00Z,2012,2012-Lost Load,Fossil fuels,24106.552863147685
2016-11-30T05:00:00Z,1996,1996-Median Demand,Fossil fuels,11531.056899690755
2016-11-30T05:00:00Z,2000,2000-Low Demand,Fossil fuels,9182.227213036216
2016-11-30T05:00:00Z,2001,2001-Low Demand,Fossil fuels,11532.268868069586
2016-11-30T05:00:00Z,2008,2008-High Demand,Fossil fuels,21222.870680609612
2016-11-30T05:00:00Z,2010,2010-High Demand,Fossil fuels,19461.4075735242
2016-11-30T05:00:00Z,2012,2012-Lost Load,Fossil fuels,24142.293894747687
2016-11-30T06:00:00Z,1996,1996-Median Demand,Fossil fuels,12280.673305606124
2016-11-30T06:00:00Z,2000,2000-Low Demand,Fossil fuels,13602.515805547808
2016-11-30T06:00:00Z,2001,2001-Low Demand,Fossil fuels,14629.510463775017
2016-11-30T06:00:00Z,2008,2008-High Demand,Fossil fuels,24847.463224863408
2016-11-30T06:00:00Z,2010,2010-High Demand,Fossil fuels,22658.087255616516
2016-11-30T06:00:00Z,2012,2012-Lost Load,Fossil fuels,26778.48070926768
2016-11-30T07:00:00Z,1996,1996-Median Demand,Fossil fuels,22376.395873694728
2016-11-30T07:00:00Z,2000,2000-Low Demand,Fossil fuels,21086.379519327602
2016-11-30T07:00:00Z,2001,2001-Low Demand,Fossil fuels,21145.647184184847
2016-11-30T07:00:00Z,2008,2008-High Demand,Fossil fuels,33198.54459885546
2016-11-30T07:00:00Z,2010,2010-High Demand,Fossil fuels,29955.40857746035
2016-11-30T07:00:00Z,2012,2012-Lost Load,Fossil fuels,36216.74077907593
2016-11-30T08:00:00Z,1996,1996-Median Demand,Fossil fuels,31227.870692487682
2016-11-30T08:00:00Z,2000,2000-Low Demand,Fossil fuels,29741.85811653939
2016-11-30T08:00:00Z,2001,2001-Low Demand,Fossil fuels,28408.36670056559
2016-11-30T08:00:00Z,2008,2008-High Demand,Fossil fuels,42558.95695404347
2016-11-30T08:00:00Z,2010,2010-High Demand,Fossil fuels,38969.341278659376
2016-11-30T08:00:00Z,2012,2012-Lost Load,Fossil fuels,44186.80838007559
2016-11-30T09:00:00Z,1996,1996-Median Demand,Fossil fuels,33372.82900009472
2016-11-30T09:00:00Z,2000,2000-Low Demand,Fossil fuels,31069.49359581426
2016-11-30T09:00:00Z,2001,2001-Low Demand,Fossil fuels,31030.16943097759
2016-11-30T09:00:00Z,2008,2008-High Demand,Fossil fuels,44009.54125448666
2016-11-30T09:00:00Z,2010,2010-High Demand,Fossil fuels,42058.956324384104
2016-11-30T09:00:00Z,2012,2012-Lost Load,Fossil fuels,44880.31238007559
2016-11-30T10:00:00Z,1996,1996-Median Demand,Fossil fuels,35928.068059924524
2016-11-30T10:00:00Z,2000,2000-Low Demand,Fossil fuels,31300.624062998657
2016-11-30T10:00:00Z,2001,2001-Low Demand,Fossil fuels,31857.24944982697
2016-11-30T10:00:00Z,2008,2008-High Demand,Fossil fuels,44009.54125448666
2016-11-30T10:00:00Z,2010,2010-High Demand,Fossil fuels,43276.28718255369
2016-11-30T10:00:00Z,2012,2012-Lost Load,Fossil fuels,44539.55103026058
2016-11-30T11:00:00Z,1996,1996-Median Demand,Fossil fuels,36047.81430140411
2016-11-30T11:00:00Z,2000,2000-Low Demand,Fossil fuels,31300.624062998657
2016-11-30T11:00:00Z,2001,2001-Low Demand,Fossil fuels,31718.269746411366
2016-11-30T11:00:00Z,2008,2008-High Demand,Fossil fuels,44009.54125448666
2016-11-30T11:00:00Z,2010,2010-High Demand,Fossil fuels,43465.65977729783
2016-11-30T11:00:00Z,2012,2012-Lost Load,Fossil fuels,44186.80838007559
2016-11-30T12:00:00Z,1996,1996-Median Demand,Fossil fuels,36908.82403376869
2016-11-30T12:00:00Z,2000,2000-Low Demand,Fossil fuels,31103.20011865379
2016-11-30T12:00:00Z,2001,2001-Low Demand,Fossil fuels,31914.56451629729
2016-11-30T12:00:00Z,2008,2008-High Demand,Fossil fuels,44009.54125448666
2016-11-30T12:00:00Z,2010,2010-High Demand,Fossil fuels,43459.97816706205
2016-11-30T12:00:00Z,2012,2012-Lost Load,Fossil fuels,44857.622316480745
2016-11-30T13:00:00Z,1996,1996-Median Demand,Fossil fuels,36908.82403376869
2016-11-30T13:00:00Z,2000,2000-Low Demand,Fossil fuels,31300.624062998657
2016-11-30T13:00:00Z,2001,2001-Low Demand,Fossil fuels,32135.255045036876
2016-11-30T13:00:00Z,2008,2008-High Demand,Fossil fuels,44009.54125448666
2016-11-30T13:00:00Z,2010,2010-High Demand,Fossil fuels,43459.97816706205
2016-11-30T13:00:00Z,2012,2012-Lost Load,Fossil fuels,44399.85896423922
2016-11-30T14:00:00Z,1996,1996-Median Demand,Fossil fuels,37139.954500953085
2016-11-30T14:00:00Z,2000,2000-Low Demand,Fossil fuels,31300.624062998657
2016-11-30T14:00:00Z,2001,2001-Low Demand,Fossil fuels,32028.19156773047
2016-11-30T14:00:00Z,2008,2008-High Demand,Fossil fuels,44009.54125448666
2016-11-30T14:00:00Z,2010,2010-High Demand,Fossil fuels,43459.97816706205
2016-11-30T14:00:00Z,2012,2012-Lost Load,Fossil fuels,44758.94234945293
2016-11-30T15:00:00Z,1996,1996-Median Demand,Fossil fuels,38006.508284293624
2016-11-30T15:00:00Z,2000,2000-Low Demand,Fossil fuels,31300.624062998657
2016-11-30T15:00:00Z,2001,2001-Low Demand,Fossil fuels,32191.356942597653
2016-11-30T15:00:00Z,2008,2008-High Demand,Fossil fuels,44009.54125448666
2016-11-30T15:00:00Z,2010,2010-High Demand,Fossil fuels,43459.97816706205
2016-11-30T15:00:00Z,2012,2012-Lost Load,Fossil fuels,44880.31238007559
2016-11-30T16:00:00Z,1996,1996-Median Demand,Fossil fuels,38038.282971541325
2016-11-30T16:00:00Z,2000,2000-Low Demand,Fossil fuels,31074.12322962874
2016-11-30T16:00:00Z,2001,2001-Low Demand,Fossil fuels,33503.74394728217
2016-11-30T16:00:00Z,2008,2008-High Demand,Fossil fuels,44009.54125448666
2016-11-30T16:00:00Z,2010,2010-High Demand,Fossil fuels,44419.82730300323
2016-11-30T16:00:00Z,2012,2012-Lost Load,Fossil fuels,44880.31238007559
2016-11-30T17:00:00Z,1996,1996-Median Demand,Fossil fuels,38433.425931352445
2016-11-30T17:00:00Z,2000,2000-Low Demand,Fossil fuels,31800.23345707439
2016-11-30T17:00:00Z,2001,2001-Low Demand,Fossil fuels,36009.10028074049
2016-11-30T17:00:00Z,2008,2008-High Demand,Fossil fuels,44009.54125448666
2016-11-30T17:00:00Z,2010,2010-High Demand,Fossil fuels,44529.11700234374
2016-11-30T17:00:00Z,2012,2012-Lost Load,Fossil fuels,44880.31238007559
2016-11-30T18:00:00Z,1996,1996-Median Demand,Fossil fuels,38433.425931352445
2016-11-30T18:00:00Z,2000,2000-Low Demand,Fossil fuels,31800.23345707439
2016-11-30T18:00:00Z,2001,2001-Low Demand,Fossil fuels,36009.10028074049
2016-11-30T18:00:00Z,2008,2008-High Demand,Fossil fuels,44009.54125448666
2016-11-30T18:00:00Z,2010,2010-High Demand,Fossil fuels,44880.31238007559
2016-11-30T18:00:00Z,2012,2012-Lost Load,Fossil fuels,44880.31238007559
2016-11-30T19:00:00Z,1996,1996-Median Demand,Fossil fuels,38433.425931352445
2016-11-30T19:00:00Z,2000,2000-Low Demand,Fossil fuels,31800.23345707439
2016-11-30T19:00:00Z,2001,2001-Low Demand,Fossil fuels,36009.10028074049
2016-11-30T19:00:00Z,2008,2008-High Demand,Fossil fuels,44009.54125448666
2016-11-30T19:00:00Z,2010,2010-High Demand,Fossil fuels,44529.11700234374
2016-11-30T19:00:00Z,2012,2012-Lost Load,Fossil fuels,44880.31238007559
2016-11-30T20:00:00Z,1996,1996-Median Demand,Fossil fuels,38433.425931352445
2016-11-30T20:00:00Z,2000,2000-Low Demand,Fossil fuels,31332.947827704535
2016-11-30T20:00:00Z,2001,2001-Low Demand,Fossil fuels,36004.79948074049
2016-11-30T20:00:00Z,2008,2008-High Demand,Fossil fuels,44009.54125448666
2016-11-30T20:00:00Z,2010,2010-High Demand,Fossil fuels,44529.11700234374
2016-11-30T20:00:00Z,2012,2012-Lost Load,Fossil fuels,44880.31238007559
2016-11-30T21:00:00Z,1996,1996-Median Demand,Fossil fuels,37028.87078515897
2016-11-30T21:00:00Z,2000,2000-Low Demand,Fossil fuels,30604.51384998511
2016-11-30T21:00:00Z,2001,2001-Low Demand,Fossil fuels,31653.252255673593
2016-11-30T21:00:00Z,2008,2008-High Demand,Fossil fuels,43348.581254486664
2016-11-30T21:00:00Z,2010,2010-High Demand,Fossil fuels,43465.73816706205
2016-11-30T21:00:00Z,2012,2012-Lost Load,Fossil fuels,44842.0083800756
2016-11-30T22:00:00Z,1996,1996-Median Demand,Fossil fuels,36908.82403376869
2016-11-30T22:00:00Z,2000,2000-Low Demand,Fossil fuels,29907.044799627387
2016-11-30T22:00:00Z,2001,2001-Low Demand,Fossil fuels,27001.35989380931
2016-11-30T22:00:00Z,2008,2008-High Demand,Fossil fuels,41267.44253772746
2016-11-30T22:00:00Z,2010,2010-High Demand,Fossil fuels,41254.226845052195
2016-11-30T22:00:00Z,2012,2012-Lost Load,Fossil fuels,43465.73816706205
2016-11-30T23:00:00Z,1996,1996-Median Demand,Fossil fuels,32653.94476502234
2016-11-30T23:00:00Z,2000,2000-Low Demand,Fossil fuels,24478.14933145064
2016-11-30T23:00:00Z,2001,2001-Low Demand,Fossil fuels,24211.48394745359
2016-11-30T23:00:00Z,2008,2008-High Demand,Fossil fuels,35765.158873631466
2016-11-30T23:00:00Z,2010,2010-High Demand,Fossil fuels,35875.745683484194
2016-11-30T23:00:00Z,2012,2012-Lost Load,Fossil fuels,38007.22797509168
2016-11-30T00:00:00Z,1996,1996-Median Demand,Hydro,523.6575829479864
2016-11-30T00:00:00Z,2000,2000-Low Demand,Hydro,846.5957285745708
2016-11-30T00:00:00Z,2001,2001-Low Demand,Hydro,444.578270809773
2016-11-30T00:00:00Z,2008,2008-High Demand,Hydro,390.9108874030647
2016-11-30T00:00:00Z,2010,2010-High Demand,Hydro,258.7256338311056
2016-11-30T00:00:00Z,2012,2012-Lost Load,Hydro,748.4105784378011
2016-11-30T01:00:00Z,1996,1996-Median Demand,Hydro,525.5177025812764
2016-11-30T01:00:00Z,2000,2000-Low Demand,Hydro,797.628692844609
2016-11-30T01:00:00Z,2001,2001-Low Demand,Hydro,493.64127431041084
2016-11-30T01:00:00Z,2008,2008-High Demand,Hydro,357.2085577285427
2016-11-30T01:00:00Z,2010,2010-High Demand,Hydro,232.76690692379998
2016-11-30T01:00:00Z,2012,2012-Lost Load,Hydro,660.4053796763172
2016-11-30T02:00:00Z,1996,1996-Median Demand,Hydro,525.5177025812764
2016-11-30T02:00:00Z,2000,2000-Low Demand,Hydro,797.628692844609
2016-11-30T02:00:00Z,2001,2001-Low Demand,Hydro,493.64127431041084
2016-11-30T02:00:00Z,2008,2008-High Demand,Hydro,357.2085577285427
2016-11-30T02:00:00Z,2010,2010-High Demand,Hydro,232.76690692379998
2016-11-30T02:00:00Z,2012,2012-Lost Load,Hydro,660.4053796763172
2016-11-30T03:00:00Z,1996,1996-Median Demand,Hydro,525.5177025812764
2016-11-30T03:00:00Z,2000,2000-Low Demand,Hydro,797.628692844609
2016-11-30T03:00:00Z,2001,2001-Low Demand,Hydro,493.64127431041084
2016-11-30T03:00:00Z,2008,2008-High Demand,Hydro,357.2085577285427
2016-11-30T03:00:00Z,2010,2010-High Demand,Hydro,232.76690692379998
2016-11-30T03:00:00Z,2012,2012-Lost Load,Hydro,660.4053796763172
2016-11-30T04:00:00Z,1996,1996-Median Demand,Hydro,525.5177025812764
2016-11-30T04:00:00Z,2000,2000-Low Demand,Hydro,797.628692844609
2016-11-30T04:00:00Z,2001,2001-Low Demand,Hydro,493.64127431041084
2016-11-30T04:00:00Z,2008,2008-High Demand,Hydro,357.2085577285427
2016-11-30T04:00:00Z,2010,2010-High Demand,Hydro,232.76690692379998
2016-11-30T04:00:00Z,2012,2012-Lost Load,Hydro,660.4053796763172
2016-11-30T05:00:00Z,1996,1996-Median Demand,Hydro,525.5177025812764
2016-11-30T05:00:00Z,2000,2000-Low Demand,Hydro,797.628692844609
2016-11-30T05:00:00Z,2001,2001-Low Demand,Hydro,493.64127431041084
2016-11-30T05:00:00Z,2008,2008-High Demand,Hydro,357.2085577285427
2016-11-30T05:00:00Z,2010,2010-High Demand,Hydro,232.76690692379998
2016-11-30T05:00:00Z,2012,2012-Lost Load,Hydro,660.4053796763172
2016-11-30T06:00:00Z,1996,1996-Median Demand,Hydro,525.5177025812764
2016-11-30T06:00:00Z,2000,2000-Low Demand,Hydro,797.628692844609
2016-11-30T06:00:00Z,2001,2001-Low Demand,Hydro,493.64127431041084
2016-11-30T06:00:00Z,2008,2008-High Demand,Hydro,357.2085577285427
2016-11-30T06:00:00Z,2010,2010-High Demand,Hydro,232.76690692379998
2016-11-30T06:00:00Z,2012,2012-Lost Load,Hydro,660.4053796763172
2016-11-30T07:00:00Z,1996,1996-Median Demand,Hydro,525.5177025812764
2016-11-30T07:00:00Z,2000,2000-Low Demand,Hydro,797.628692844609
2016-11-30T07:00:00Z,2001,2001-Low Demand,Hydro,493.64127431041084
2016-11-30T07:00:00Z,2008,2008-High Demand,Hydro,357.2085577285427
2016-11-30T07:00:00Z,2010,2010-High Demand,Hydro,232.76690692379998
2016-11-30T07:00:00Z,2012,2012-Lost Load,Hydro,660.4053796763172
2016-11-30T08:00:00Z,1996,1996-Median Demand,Hydro,525.5177025812764
2016-11-30T08:00:00Z,2000,2000-Low Demand,Hydro,797.628692844609
2016-11-30T08:00:00Z,2001,2001-Low Demand,Hydro,493.64127431041084
2016-11-30T08:00:00Z,2008,2008-High Demand,Hydro,357.2085577285427
2016-11-30T08:00:00Z,2010,2010-High Demand,Hydro,232.76690692379998
2016-11-30T08:00:00Z,2012,2012-Lost Load,Hydro,1030.5349009564034
2016-11-30T09:00:00Z,1996,1996-Median Demand,Hydro,525.5177025812764
2016-11-30T09:00:00Z,2000,2000-Low Demand,Hydro,1948.5413319577365
2016-11-30T09:00:00Z,2001,2001-Low Demand,Hydro,493.64127431041084
2016-11-30T09:00:00Z,2008,2008-High Demand,Hydro,1588.8233200757227
2016-11-30T09:00:00Z,2010,2010-High Demand,Hydro,232.76690692379998
2016-11-30T09:00:00Z,2012,2012-Lost Load,Hydro,3036.674289842067
2016-11-30T10:00:00Z,1996,1996-Median Demand,Hydro,525.5177025812764
2016-11-30T10:00:00Z,2000,2000-Low Demand,Hydro,2437.851038969573
2016-11-30T10:00:00Z,2001,2001-Low Demand,Hydro,493.64127431041084
2016-11-30T10:00:00Z,2008,2008-High Demand,Hydro,2598.9025884329367
2016-11-30T10:00:00Z,2010,2010-High Demand,Hydro,232.76690692379998
2016-11-30T10:00:00Z,2012,2012-Lost Load,Hydro,3404.4053796763174
2016-11-30T11:00:00Z,1996,1996-Median Demand,Hydro,525.5177025812764
2016-11-30T11:00:00Z,2000,2000-Low Demand,Hydro,2157.238531379222
2016-11-30T11:00:00Z,2001,2001-Low Demand,Hydro,493.64127431041084
2016-11-30T11:00:00Z,2008,2008-High Demand,Hydro,2405.3363493686848
2016-11-30T11:00:00Z,2010,2010-High Demand,Hydro,232.76690692379998
2016-11-30T11:00:00Z,2012,2012-Lost Load,Hydro,2531.5403222889654
2016-11-30T12:00:00Z,1996,1996-Median Demand,Hydro,647.2977950176992
2016-11-30T12:00:00Z,2000,2000-Low Demand,Hydro,2199.300585967044
2016-11-30T12:00:00Z,2001,2001-Low Demand,Hydro,493.64127431041084
2016-11-30T12:00:00Z,2008,2008-High Demand,Hydro,1593.254582868813
2016-11-30T12:00:00Z,2010,2010-High Demand,Hydro,597.2199467489236
2016-11-30T12:00:00Z,2012,2012-Lost Load,Hydro,660.4053796763172
2016-11-30T13:00:00Z,1996,1996-Median Demand,Hydro,1776.657791152704
2016-11-30T13:00:00Z,2000,2000-Low Demand,Hydro,2098.244699358029
2016-11-30T13:00:00Z,2001,2001-Low Demand,Hydro,493.64127431041084
2016-11-30T13:00:00Z,2008,2008-High Demand,Hydro,2134.488139368039
2016-11-30T13:00:00Z,2010,2010-High Demand,Hydro,1302.1795067437351
2016-11-30T13:00:00Z,2012,2012-Lost Load,Hydro,842.6390561883117
2016-11-30T14:00:00Z,1996,1996-Median Demand,Hydro,2750.273764813286
2016-11-30T14:00:00Z,2000,2000-Low Demand,Hydro,1976.1023163867867
2016-11-30T14:00:00Z,2001,2001-Low Demand,Hydro,493.64127431041084
2016-11-30T14:00:00Z,2008,2008-High Demand,Hydro,1355.4809846587318
2016-11-30T14:00:00Z,2010,2010-High Demand,Hydro,1539.951958987952
2016-11-30T14:00:00Z,2012,2012-Lost Load,Hydro,660.4053796763172
2016-11-30T15:00:00Z,1996,1996-Median Demand,Hydro,3269.5177025812764
2016-11-30T15:00:00Z,2000,2000-Low Demand,Hydro,2334.814620199124
2016-11-30T15:00:00Z,2001,2001-Low Demand,Hydro,493.64127431041084
2016-11-30T15:00:00Z,2008,2008-High Demand,Hydro,2049.0144810486813
2016-11-30T15:00:00Z,2010,2010-High Demand,Hydro,2018.885831519351
2016-11-30T15:00:00Z,2012,2012-Lost Load,Hydro,1342.4164185682748
2016-11-30T16:00:00Z,1996,1996-Median Demand,Hydro,3269.5177025812764
2016-11-30T16:00:00Z,2000,2000-Low Demand,Hydro,3541.628692844609
2016-11-30T16:00:00Z,2001,2001-Low Demand,Hydro,493.64127431041084
2016-11-30T16:00:00Z,2008,2008-High Demand,Hydro,2764.334790659068
2016-11-30T16:00:00Z,2010,2010-High Demand,Hydro,2976.7669069238
2016-11-30T16:00:00Z,2012,2012-Lost Load,Hydro,3063.644029861306
2016-11-30T17:00:00Z,1996,1996-Median Demand,Hydro,3269.5177025812764
2016-11-30T17:00:00Z,2000,2000-Low Demand,Hydro,3541.628692844609
2016-11-30T17:00:00Z,2001,2001-Low Demand,Hydro,2925.696228154554
2016-11-30T17:00:00Z,2008,2008-High Demand,Hydro,2764.334790659068
2016-11-30T17:00:00Z,2010,2010-High Demand,Hydro,2976.7669069238
2016-11-30T17:00:00Z,2012,2012-Lost Load,Hydro,3063.644029861306
2016-11-30T18:00:00Z,1996,1996-Median Demand,Hydro,3269.5177025812764
2016-11-30T18:00:00Z,2000,2000-Low Demand,Hydro,3541.628692844609
2016-11-30T18:00:00Z,2001,2001-Low Demand,Hydro,2925.696228154554
2016-11-30T18:00:00Z,2008,2008-High Demand,Hydro,2764.334790659068
2016-11-30T18:00:00Z,2010,2010-High Demand,Hydro,2976.7669069238
2016-11-30T18:00:00Z,2012,2012-Lost Load,Hydro,3404.4053796763174
2016-11-30T19:00:00Z,1996,1996-Median Demand,Hydro,3269.5177025812764
2016-11-30T19:00:00Z,2000,2000-Low Demand,Hydro,3541.628692844609
2016-11-30T19:00:00Z,2001,2001-Low Demand,Hydro,2925.696228154554
2016-11-30T19:00:00Z,2008,2008-High Demand,Hydro,2764.334790659068
2016-11-30T19:00:00Z,2010,2010-High Demand,Hydro,2976.7669069238
2016-11-30T19:00:00Z,2012,2012-Lost Load,Hydro,3063.644029861306
2016-11-30T20:00:00Z,1996,1996-Median Demand,Hydro,3269.5177025812764
2016-11-30T20:00:00Z,2000,2000-Low Demand,Hydro,3301.51574827909
2016-11-30T20:00:00Z,2001,2001-Low Demand,Hydro,1530.3921166275159
2016-11-30T20:00:00Z,2008,2008-High Demand,Hydro,2764.334790659068
2016-11-30T20:00:00Z,2010,2010-High Demand,Hydro,2976.7669069238
2016-11-30T20:00:00Z,2012,2012-Lost Load,Hydro,3063.644029861306
2016-11-30T21:00:00Z,1996,1996-Median Demand,Hydro,2990.6984779900313
2016-11-30T21:00:00Z,2000,2000-Low Demand,Hydro,2049.5722205618495
2016-11-30T21:00:00Z,2001,2001-Low Demand,Hydro,493.64127431041084
2016-11-30T21:00:00Z,2008,2008-High Demand,Hydro,1560.7716741938052
2016-11-30T21:00:00Z,2010,2010-High Demand,Hydro,2663.6126032539487
2016-11-30T21:00:00Z,2012,2012-Lost Load,Hydro,3101.948029861306
2016-11-30T22:00:00Z,1996,1996-Median Demand,Hydro,1048.818706419606
2016-11-30T22:00:00Z,2000,2000-Low Demand,Hydro,797.628692844609
2016-11-30T22:00:00Z,2001,2001-Low Demand,Hydro,493.64127431041084
2016-11-30T22:00:00Z,2008,2008-High Demand,Hydro,357.2085577285427
2016-11-30T22:00:00Z,2010,2010-High Demand,Hydro,232.76690692379998
2016-11-30T22:00:00Z,2012,2012-Lost Load,Hydro,660.4053796763172
2016-11-30T23:00:00Z,1996,1996-Median Demand,Hydro,525.5177025812764
2016-11-30T23:00:00Z,2000,2000-Low Demand,Hydro,797.628692844609
2016-11-30T23:00:00Z,2001,2001-Low Demand,Hydro,493.64127431041084
2016-11-30T23:00:00Z,2008,2008-High Demand,Hydro,357.2085577285427
2016-11-30T23:00:00Z,2010,2010-High Demand,Hydro,232.76690692379998
2016-11-30T23:00:00Z,2012,2012-Lost Load,Hydro,660.4053796763172
2016-11-30T00:00:00Z,1996,1996-Median Demand,Net Export/Import,-484
2016-11-30T00:00:00Z,2000,2000-Low Demand,Net Export/Import,-907.5431037449764
2016-11-30T00:00:00Z,2001,2001-Low Demand,Net Export/Import,-484
2016-11-30T00:00:00Z,2008,2008-High Demand,Net Export/Import,-2516
2016-11-30T00:00:00Z,2010,2010-High Demand,Net Export/Import,-484
2016-11-30T00:00:00Z,2012,2012-Lost Load,Net Export/Import,-484
2016-11-30T01:00:00Z,1996,1996-Median Demand,Net Export/Import,-484
2016-11-30T01:00:00Z,2000,2000-Low Demand,Net Export/Import,-660.0725689315993
2016-11-30T01:00:00Z,2001,2001-Low Demand,Net Export/Import,-484
2016-11-30T01:00:00Z,2008,2008-High Demand,Net Export/Import,-484
2016-11-30T01:00:00Z,2010,2010-High Demand,Net Export/Import,-484
2016-11-30T01:00:00Z,2012,2012-Lost Load,Net Export/Import,-484
2016-11-30T02:00:00Z,1996,1996-Median Demand,Net Export/Import,-484
2016-11-30T02:00:00Z,2000,2000-Low Demand,Net Export/Import,-484
2016-11-30T02:00:00Z,2001,2001-Low Demand,Net Export/Import,-484
2016-11-30T02:00:00Z,2008,2008-High Demand,Net Export/Import,-484
2016-11-30T02:00:00Z,2010,2010-High Demand,Net Export/Import,-484
2016-11-30T02:00:00Z,2012,2012-Lost Load,Net Export/Import,-484
2016-11-30T03:00:00Z,1996,1996-Median Demand,Net Export/Import,-484
2016-11-30T03:00:00Z,2000,2000-Low Demand,Net Export/Import,-484
2016-11-30T03:00:00Z,2001,2001-Low Demand,Net Export/Import,-484
2016-11-30T03:00:00Z,2008,2008-High Demand,Net Export/Import,-484
2016-11-30T03:00:00Z,2010,2010-High Demand,Net Export/Import,-484
2016-11-30T03:00:00Z,2012,2012-Lost Load,Net Export/Import,-484
2016-11-30T04:00:00Z,1996,1996-Median Demand,Net Export/Import,-1551.67926075603
2016-11-30T04:00:00Z,2000,2000-Low Demand,Net Export/Import,-525.9457143031714
2016-11-30T04:00:00Z,2001,2001-Low Demand,Net Export/Import,925.0684166710948
2016-11-30T04:00:00Z,2008,2008-High Demand,Net Export/Import,-484
2016-11-30T04:00:00Z,2010,2010-High Demand,Net Export/Import,-484
2016-11-30T04:00:00Z,2012,2012-Lost Load,Net Export/Import,-484
2016-11-30T05:00:00Z,1996,1996-Median Demand,Net Export/Import,-2155.6236718560294
2016-11-30T05:00:00Z,2000,2000-Low Demand,Net Export/Import,-484
2016-11-30T05:00:00Z,2001,2001-Low Demand,Net Export/Import,-484
2016-11-30T05:00:00Z,2008,2008-High Demand,Net Export/Import,-747.5048092540642
2016-11-30T05:00:00Z,2010,2010-High Demand,Net Export/Import,-484
2016-11-30T05:00:00Z,2012,2012-Lost Load,Net Export/Import,-484
2016-11-30T06:00:00Z,1996,1996-Median Demand,Net Export/Import,-545.8038188473938
2016-11-30T06:00:00Z,2000,2000-Low Demand,Net Export/Import,-2516
2016-11-30T06:00:00Z,2001,2001-Low Demand,Net Export/Import,-2146.7503763014306
2016-11-30T06:00:00Z,2008,2008-High Demand,Net Export/Import,-2031.963880353911
2016-11-30T06:00:00Z,2010,2010-High Demand,Net Export/Import,-484
2016-11-30T06:00:00Z,2012,2012-Lost Load,Net Export/Import,-484
2016-11-30T07:00:00Z,1996,1996-Median Demand,Net Export/Import,-2516
2016-11-30T07:00:00Z,2000,2000-Low Demand,Net Export/Import,-2516
2016-11-30T07:00:00Z,2001,2001-Low Demand,Net Export/Import,-2516
2016-11-30T07:00:00Z,2008,2008-High Demand,Net Export/Import,-2516
2016-11-30T07:00:00Z,2010,2010-High Demand,Net Export/Import,-484
2016-11-30T07:00:00Z,2012,2012-Lost Load,Net Export/Import,-1823.0147757962513
2016-11-30T08:00:00Z,1996,1996-Median Demand,Net Export/Import,-2516
2016-11-30T08:00:00Z,2000,2000-Low Demand,Net Export/Import,-2516
2016-11-30T08:00:00Z,2001,2001-Low Demand,Net Export/Import,-2516
2016-11-30T08:00:00Z,2008,2008-High Demand,Net Export/Import,-2516
2016-11-30T08:00:00Z,2010,2010-High Demand,Net Export/Import,-635.9636244151766
2016-11-30T08:00:00Z,2012,2012-Lost Load,Net Export/Import,-484
2016-11-30T09:00:00Z,1996,1996-Median Demand,Net Export/Import,-2516
2016-11-30T09:00:00Z,2000,2000-Low Demand,Net Export/Import,-2516
2016-11-30T09:00:00Z,2001,2001-Low Demand,Net Export/Import,-2516
2016-11-30T09:00:00Z,2008,2008-High Demand,Net Export/Import,-2516
2016-11-30T09:00:00Z,2010,2010-High Demand,Net Export/Import,-1126.4122349906884
2016-11-30T09:00:00Z,2012,2012-Lost Load,Net Export/Import,-484
2016-11-30T10:00:00Z,1996,1996-Median Demand,Net Export/Import,-2516
2016-11-30T10:00:00Z,2000,2000-Low Demand,Net Export/Import,-2516
2016-11-30T10:00:00Z,2001,2001-Low Demand,Net Export/Import,-2516
2016-11-30T10:00:00Z,2008,2008-High Demand,Net Export/Import,-2516
2016-11-30T10:00:00Z,2010,2010-High Demand,Net Export/Import,-1201.2785193743875
2016-11-30T10:00:00Z,2012,2012-Lost Load,Net Export/Import,-461.83107323508284
2016-11-30T11:00:00Z,1996,1996-Median Demand,Net Export/Import,-2516
2016-11-30T11:00:00Z,2000,2000-Low Demand,Net Export/Import,-2516
2016-11-30T11:00:00Z,2001,2001-Low Demand,Net Export/Import,-2516
2016-11-30T11:00:00Z,2008,2008-High Demand,Net Export/Import,-2444.3579941807266
2016-11-30T11:00:00Z,2010,2010-High Demand,Net Export/Import,-1118.9721769586795
2016-11-30T11:00:00Z,2012,2012-Lost Load,Net Export/Import,-484
2016-11-30T12:00:00Z,1996,1996-Median Demand,Net Export/Import,-2516
2016-11-30T12:00:00Z,2000,2000-Low Demand,Net Export/Import,-2516
2016-11-30T12:00:00Z,2001,2001-Low Demand,Net Export/Import,-2516
2016-11-30T12:00:00Z,2008,2008-High Demand,Net Export/Import,-1759.6583048414304
2016-11-30T12:00:00Z,2010,2010-High Demand,Net Export/Import,-1147.4036984914464
2016-11-30T12:00:00Z,2012,2012-Lost Load,Net Export/Import,-484
2016-11-30T13:00:00Z,1996,1996-Median Demand,Net Export/Import,-2516
2016-11-30T13:00:00Z,2000,2000-Low Demand,Net Export/Import,-2516
2016-11-30T13:00:00Z,2001,2001-Low Demand,Net Export/Import,-2516
2016-11-30T13:00:00Z,2008,2008-High Demand,Net Export/Import,-2516
2016-11-30T13:00:00Z,2010,2010-High Demand,Net Export/Import,-1374.3231424581727
2016-11-30T13:00:00Z,2012,2012-Lost Load,Net Export/Import,-484
2016-11-30T14:00:00Z,1996,1996-Median Demand,Net Export/Import,-2516
2016-11-30T14:00:00Z,2000,2000-Low Demand,Net Export/Import,-2516
2016-11-30T14:00:00Z,2001,2001-Low Demand,Net Export/Import,-2516
2016-11-30T14:00:00Z,2008,2008-High Demand,Net Export/Import,-1876.3305278439175
2016-11-30T14:00:00Z,2010,2010-High Demand,Net Export/Import,-1406.3357380349162
2016-11-30T14:00:00Z,2012,2012-Lost Load,Net Export/Import,-484
2016-11-30T15:00:00Z,1996,1996-Median Demand,Net Export/Import,-2446.1602729715505
2016-11-30T15:00:00Z,2000,2000-Low Demand,Net Export/Import,-2516
2016-11-30T15:00:00Z,2001,2001-Low Demand,Net Export/Import,-2516
2016-11-30T15:00:00Z,2008,2008-High Demand,Net Export/Import,-2218.283346639896
2016-11-30T15:00:00Z,2010,2010-High Demand,Net Export/Import,-1475.8974751850028
2016-11-30T15:00:00Z,2012,2012-Lost Load,Net Export/Import,-484
2016-11-30T16:00:00Z,1996,1996-Median Demand,Net Export/Import,48.10191883083735
2016-11-30T16:00:00Z,2000,2000-Low Demand,Net Export/Import,-2516
2016-11-30T16:00:00Z,2001,2001-Low Demand,Net Export/Import,-2516
2016-11-30T16:00:00Z,2008,2008-High Demand,Net Export/Import,-1538.6908516354201
2016-11-30T16:00:00Z,2010,2010-High Demand,Net Export/Import,-1483.976509903232
2016-11-30T16:00:00Z,2012,2012-Lost Load,Net Export/Import,-277.4845597732192
2016-11-30T17:00:00Z,1996,1996-Median Demand,Net Export/Import,3516
2016-11-30T17:00:00Z,2000,2000-Low Demand,Net Export/Import,319.4281451654542
2016-11-30T17:00:00Z,2001,2001-Low Demand,Net Export/Import,-2206.0266193882917
2016-11-30T17:00:00Z,2008,2008-High Demand,Net Export/Import,1516
2016-11-30T17:00:00Z,2010,2010-High Demand,Net Export/Import,1179.6822197257034
2016-11-30T17:00:00Z,2012,2012-Lost Load,Net Export/Import,1987.1215528790967
2016-11-30T18:00:00Z,1996,1996-Median Demand,Net Export/Import,3515.6008417231296
2016-11-30T18:00:00Z,2000,2000-Low Demand,Net Export/Import,984.817661316999
2016-11-30T18:00:00Z,2001,2001-Low Demand,Net Export/Import,-901.3388678870314
2016-11-30T18:00:00Z,2008,2008-High Demand,Net Export/Import,-81.40606374173012
2016-11-30T18:00:00Z,2010,2010-High Demand,Net Export/Import,126.26174911259841
2016-11-30T18:00:00Z,2012,2012-Lost Load,Net Export/Import,1516
2016-11-30T19:00:00Z,1996,1996-Median Demand,Net Export/Import,3516
2016-11-30T19:00:00Z,2000,2000-Low Demand,Net Export/Import,400.046737096997
2016-11-30T19:00:00Z,2001,2001-Low Demand,Net Export/Import,-1726.2633958710348
2016-11-30T19:00:00Z,2008,2008-High Demand,Net Export/Import,1428.11321291879
2016-11-30T19:00:00Z,2010,2010-High Demand,Net Export/Import,1516
2016-11-30T19:00:00Z,2012,2012-Lost Load,Net Export/Import,1997.0237911710942
2016-11-30T20:00:00Z,1996,1996-Median Demand,Net Export/Import,3516
2016-11-30T20:00:00Z,2000,2000-Low Demand,Net Export/Import,-1115.4864718636313
2016-11-30T20:00:00Z,2001,2001-Low Demand,Net Export/Import,-2516
2016-11-30T20:00:00Z,2008,2008-High Demand,Net Export/Import,-121.48155248173134
2016-11-30T20:00:00Z,2010,2010-High Demand,Net Export/Import,718.5674331684678
2016-11-30T20:00:00Z,2012,2012-Lost Load,Net Export/Import,1516
2016-11-30T21:00:00Z,1996,1996-Median Demand,Net Export/Import,2978.002763718988
2016-11-30T21:00:00Z,2000,2000-Low Demand,Net Export/Import,-2386.48214384696
2016-11-30T21:00:00Z,2001,2001-Low Demand,Net Export/Import,-484
2016-11-30T21:00:00Z,2008,2008-High Demand,Net Export/Import,-938.1770524804658
2016-11-30T21:00:00Z,2010,2010-High Demand,Net Export/Import,-484
2016-11-30T21:00:00Z,2012,2012-Lost Load,Net Export/Import,-309.00624718889867
2016-11-30T22:00:00Z,1996,1996-Median Demand,Net Export/Import,-44.00943482030175
2016-11-30T22:00:00Z,2000,2000-Low Demand,Net Export/Import,-2516
2016-11-30T22:00:00Z,2001,2001-Low Demand,Net Export/Import,-484
2016-11-30T22:00:00Z,2008,2008-High Demand,Net Export/Import,-2516
2016-11-30T22:00:00Z,2010,2010-High Demand,Net Export/Import,-484
2016-11-30T22:00:00Z,2012,2012-Lost Load,Net Export/Import,-717.5872539223717
2016-11-30T23:00:00Z,1996,1996-Median Demand,Net Export/Import,-1063.3660700116197
2016-11-30T23:00:00Z,2000,2000-Low Demand,Net Export/Import,-1966.8599489912503
2016-11-30T23:00:00Z,2001,2001-Low Demand,Net Export/Import,-484
2016-11-30T23:00:00Z,2008,2008-High Demand,Net Export/Import,-2516
2016-11-30T23:00:00Z,2010,2010-High Demand,Net Export/Import,-484
2016-11-30T23:00:00Z,2012,2012-Lost Load,Net Export/Import,-484
2016-11-30T00:00:00Z,1996,1996-Median Demand,Nuclear,8365.8015
2016-11-30T00:00:00Z,2000,2000-Low Demand,Nuclear,8365.8015
2016-11-30T00:00:00Z,2001,2001-Low Demand,Nuclear,8365.8015
2016-11-30T00:00:00Z,2008,2008-High Demand,Nuclear,8365.8015
2016-11-30T00:00:00Z,2010,2010-High Demand,Nuclear,8365.8015
2016-11-30T00:00:00Z,2012,2012-Lost Load,Nuclear,8365.8015
2016-11-30T01:00:00Z,1996,1996-Median Demand,Nuclear,8365.8015
2016-11-30T01:00:00Z,2000,2000-Low Demand,Nuclear,8365.8015
2016-11-30T01:00:00Z,2001,2001-Low Demand,Nuclear,8365.8015
2016-11-30T01:00:00Z,2008,2008-High Demand,Nuclear,8365.8015
2016-11-30T01:00:00Z,2010,2010-High Demand,Nuclear,8365.8015
2016-11-30T01:00:00Z,2012,2012-Lost Load,Nuclear,8365.8015
2016-11-30T02:00:00Z,1996,1996-Median Demand,Nuclear,8365.8015
2016-11-30T02:00:00Z,2000,2000-Low Demand,Nuclear,8365.8015
2016-11-30T02:00:00Z,2001,2001-Low Demand,Nuclear,8365.8015
2016-11-30T02:00:00Z,2008,2008-High Demand,Nuclear,8365.8015
2016-11-30T02:00:00Z,2010,2010-High Demand,Nuclear,8365.8015
2016-11-30T02:00:00Z,2012,2012-Lost Load,Nuclear,8365.8015
2016-11-30T03:00:00Z,1996,1996-Median Demand,Nuclear,8365.8015
2016-11-30T03:00:00Z,2000,2000-Low Demand,Nuclear,8365.8015
2016-11-30T03:00:00Z,2001,2001-Low Demand,Nuclear,8365.8015
2016-11-30T03:00:00Z,2008,2008-High Demand,Nuclear,8365.8015
2016-11-30T03:00:00Z,2010,2010-High Demand,Nuclear,8365.8015
2016-11-30T03:00:00Z,2012,2012-Lost Load,Nuclear,8365.8015
2016-11-30T04:00:00Z,1996,1996-Median Demand,Nuclear,8365.8015
2016-11-30T04:00:00Z,2000,2000-Low Demand,Nuclear,8365.8015
2016-11-30T04:00:00Z,2001,2001-Low Demand,Nuclear,8365.8015
2016-11-30T04:00:00Z,2008,2008-High Demand,Nuclear,8365.8015
2016-11-30T04:00:00Z,2010,2010-High Demand,Nuclear,8365.8015
2016-11-30T04:00:00Z,2012,2012-Lost Load,Nuclear,8365.8015
2016-11-30T05:00:00Z,1996,1996-Median Demand,Nuclear,8365.8015
2016-11-30T05:00:00Z,2000,2000-Low Demand,Nuclear,8365.8015
2016-11-30T05:00:00Z,2001,2001-Low Demand,Nuclear,8365.8015
2016-11-30T05:00:00Z,2008,2008-High Demand,Nuclear,8365.8015
2016-11-30T05:00:00Z,2010,2010-High Demand,Nuclear,8365.8015
2016-11-30T05:00:00Z,2012,2012-Lost Load,Nuclear,8365.8015
2016-11-30T06:00:00Z,1996,1996-Median Demand,Nuclear,8365.8015
2016-11-30T06:00:00Z,2000,2000-Low Demand,Nuclear,8365.8015
2016-11-30T06:00:00Z,2001,2001-Low Demand,Nuclear,8365.8015
2016-11-30T06:00:00Z,2008,2008-High Demand,Nuclear,8365.8015
2016-11-30T06:00:00Z,2010,2010-High Demand,Nuclear,8365.8015
2016-11-30T06:00:00Z,2012,2012-Lost Load,Nuclear,8365.8015
2016-11-30T07:00:00Z,1996,1996-Median Demand,Nuclear,8365.8015
2016-11-30T07:00:00Z,2000,2000-Low Demand,Nuclear,8365.8015
2016-11-30T07:00:00Z,2001,2001-Low Demand,Nuclear,8365.8015
2016-11-30T07:00:00Z,2008,2008-High Demand,Nuclear,8365.8015
2016-11-30T07:00:00Z,2010,2010-High Demand,Nuclear,8365.8015
2016-11-30T07:00:00Z,2012,2012-Lost Load,Nuclear,8365.8015
2016-11-30T08:00:00Z,1996,1996-Median Demand,Nuclear,8365.8015
2016-11-30T08:00:00Z,2000,2000-Low Demand,Nuclear,8365.8015
2016-11-30T08:00:00Z,2001,2001-Low Demand,Nuclear,8365.8015
2016-11-30T08:00:00Z,2008,2008-High Demand,Nuclear,8365.8015
2016-11-30T08:00:00Z,2010,2010-High Demand,Nuclear,8365.8015
2016-11-30T08:00:00Z,2012,2012-Lost Load,Nuclear,8365.8015
2016-11-30T09:00:00Z,1996,1996-Median Demand,Nuclear,8365.8015
2016-11-30T09:00:00Z,2000,2000-Low Demand,Nuclear,8365.8015
2016-11-30T09:00:00Z,2001,2001-Low Demand,Nuclear,8365.8015
2016-11-30T09:00:00Z,2008,2008-High Demand,Nuclear,8365.8015
2016-11-30T09:00:00Z,2010,2010-High Demand,Nuclear,8365.8015
2016-11-30T09:00:00Z,2012,2012-Lost Load,Nuclear,8365.8015
2016-11-30T10:00:00Z,1996,1996-Median Demand,Nuclear,8365.8015
2016-11-30T10:00:00Z,2000,2000-Low Demand,Nuclear,8365.8015
2016-11-30T10:00:00Z,2001,2001-Low Demand,Nuclear,8365.8015
2016-11-30T10:00:00Z,2008,2008-High Demand,Nuclear,8365.8015
2016-11-30T10:00:00Z,2010,2010-High Demand,Nuclear,8365.8015
2016-11-30T10:00:00Z,2012,2012-Lost Load,Nuclear,8365.8015
2016-11-30T11:00:00Z,1996,1996-Median Demand,Nuclear,8365.8015
2016-11-30T11:00:00Z,2000,2000-Low Demand,Nuclear,8365.8015
2016-11-30T11:00:00Z,2001,2001-Low Demand,Nuclear,8365.8015
2016-11-30T11:00:00Z,2008,2008-High Demand,Nuclear,8365.8015
2016-11-30T11:00:00Z,2010,2010-High Demand,Nuclear,8365.8015
2016-11-30T11:00:00Z,2012,2012-Lost Load,Nuclear,8365.8015
2016-11-30T12:00:00Z,1996,1996-Median Demand,Nuclear,8365.8015
2016-11-30T12:00:00Z,2000,2000-Low Demand,Nuclear,8365.8015
2016-11-30T12:00:00Z,2001,2001-Low Demand,Nuclear,8365.8015
2016-11-30T12:00:00Z,2008,2008-High Demand,Nuclear,8365.8015
2016-11-30T12:00:00Z,2010,2010-High Demand,Nuclear,8365.8015
2016-11-30T12:00:00Z,2012,2012-Lost Load,Nuclear,8365.8015
2016-11-30T13:00:00Z,1996,1996-Median Demand,Nuclear,8365.8015
2016-11-30T13:00:00Z,2000,2000-Low Demand,Nuclear,8365.8015
2016-11-30T13:00:00Z,2001,2001-Low Demand,Nuclear,8365.8015
2016-11-30T13:00:00Z,2008,2008-High Demand,Nuclear,8365.8015
2016-11-30T13:00:00Z,2010,2010-High Demand,Nuclear,8365.8015
2016-11-30T13:00:00Z,2012,2012-Lost Load,Nuclear,8365.8015
2016-11-30T14:00:00Z,1996,1996-Median Demand,Nuclear,8365.8015
2016-11-30T14:00:00Z,2000,2000-Low Demand,Nuclear,8365.8015
2016-11-30T14:00:00Z,2001,2001-Low Demand,Nuclear,8365.8015
2016-11-30T14:00:00Z,2008,2008-High Demand,Nuclear,8365.8015
2016-11-30T14:00:00Z,2010,2010-High Demand,Nuclear,8365.8015
2016-11-30T14:00:00Z,2012,2012-Lost Load,Nuclear,8365.8015
2016-11-30T15:00:00Z,1996,1996-Median Demand,Nuclear,8365.8015
2016-11-30T15:00:00Z,2000,2000-Low Demand,Nuclear,8365.8015
2016-11-30T15:00:00Z,2001,2001-Low Demand,Nuclear,8365.8015
2016-11-30T15:00:00Z,2008,2008-High Demand,Nuclear,8365.8015
2016-11-30T15:00:00Z,2010,2010-High Demand,Nuclear,8365.8015
2016-11-30T15:00:00Z,2012,2012-Lost Load,Nuclear,8365.8015
2016-11-30T16:00:00Z,1996,1996-Median Demand,Nuclear,8365.8015
2016-11-30T16:00:00Z,2000,2000-Low Demand,Nuclear,8365.8015
2016-11-30T16:00:00Z,2001,2001-Low Demand,Nuclear,8365.8015
2016-11-30T16:00:00Z,2008,2008-High Demand,Nuclear,8365.8015
2016-11-30T16:00:00Z,2010,2010-High Demand,Nuclear,8365.8015
2016-11-30T16:00:00Z,2012,2012-Lost Load,Nuclear,8365.8015
2016-11-30T17:00:00Z,1996,1996-Median Demand,Nuclear,8365.8015
2016-11-30T17:00:00Z,2000,2000-Low Demand,Nuclear,8365.8015
2016-11-30T17:00:00Z,2001,2001-Low Demand,Nuclear,8365.8015
2016-11-30T17:00:00Z,2008,2008-High Demand,Nuclear,8365.8015
2016-11-30T17:00:00Z,2010,2010-High Demand,Nuclear,8365.8015
2016-11-30T17:00:00Z,2012,2012-Lost Load,Nuclear,8365.8015
2016-11-30T18:00:00Z,1996,1996-Median Demand,Nuclear,8365.8015
2016-11-30T18:00:00Z,2000,2000-Low Demand,Nuclear,8365.8015
2016-11-30T18:00:00Z,2001,2001-Low Demand,Nuclear,8365.8015
2016-11-30T18:00:00Z,2008,2008-High Demand,Nuclear,8365.8015
2016-11-30T18:00:00Z,2010,2010-High Demand,Nuclear,8365.8015
2016-11-30T18:00:00Z,2012,2012-Lost Load,Nuclear,8365.8015
2016-11-30T19:00:00Z,1996,1996-Median Demand,Nuclear,8365.8015
2016-11-30T19:00:00Z,2000,2000-Low Demand,Nuclear,8365.8015
2016-11-30T19:00:00Z,2001,2001-Low Demand,Nuclear,8365.8015
2016-11-30T19:00:00Z,2008,2008-High Demand,Nuclear,8365.8015
2016-11-30T19:00:00Z,2010,2010-High Demand,Nuclear,8365.8015
2016-11-30T19:00:00Z,2012,2012-Lost Load,Nuclear,8365.8015
2016-11-30T20:00:00Z,1996,1996-Median Demand,Nuclear,8365.8015
2016-11-30T20:00:00Z,2000,2000-Low Demand,Nuclear,8365.8015
2016-11-30T20:00:00Z,2001,2001-Low Demand,Nuclear,8365.8015
2016-11-30T20:00:00Z,2008,2008-High Demand,Nuclear,8365.8015
2016-11-30T20:00:00Z,2010,2010-High Demand,Nuclear,8365.8015
2016-11-30T20:00:00Z,2012,2012-Lost Load,Nuclear,8365.8015
2016-11-30T21:00:00Z,1996,1996-Median Demand,Nuclear,8365.8015
2016-11-30T21:00:00Z,2000,2000-Low Demand,Nuclear,8365.8015
2016-11-30T21:00:00Z,2001,2001-Low Demand,Nuclear,8365.8015
2016-11-30T21:00:00Z,2008,2008-High Demand,Nuclear,8365.8015
2016-11-30T21:00:00Z,2010,2010-High Demand,Nuclear,8365.8015
2016-11-30T21:00:00Z,2012,2012-Lost Load,Nuclear,8365.8015
2016-11-30T22:00:00Z,1996,1996-Median Demand,Nuclear,8365.8015
2016-11-30T22:00:00Z,2000,2000-Low Demand,Nuclear,8365.8015
2016-11-30T22:00:00Z,2001,2001-Low Demand,Nuclear,8365.8015
2016-11-30T22:00:00Z,2008,2008-High Demand,Nuclear,8365.8015
2016-11-30T22:00:00Z,2010,2010-High Demand,Nuclear,8365.8015
2016-11-30T22:00:00Z,2012,2012-Lost Load,Nuclear,8365.8015
2016-11-30T23:00:00Z,1996,1996-Median Demand,Nuclear,8365.8015
2016-11-30T23:00:00Z,2000,2000-Low Demand,Nuclear,8365.8015
2016-11-30T23:00:00Z,2001,2001-Low Demand,Nuclear,8365.8015
2016-11-30T23:00:00Z,2008,2008-High Demand,Nuclear,8365.8015
2016-11-30T23:00:00Z,2010,2010-High Demand,Nuclear,8365.8015
2016-11-30T23:00:00Z,2012,2012-Lost Load,Nuclear,8365.8015
2016-11-30T00:00:00Z,1996,1996-Median Demand,Other,2467.6948647
2016-11-30T00:00:00Z,2000,2000-Low Demand,Other,2467.6948647
2016-11-30T00:00:00Z,2001,2001-Low Demand,Other,2467.6948647
2016-11-30T00:00:00Z,2008,2008-High Demand,Other,2467.6948647
2016-11-30T00:00:00Z,2010,2010-High Demand,Other,2467.6948647
2016-11-30T00:00:00Z,2012,2012-Lost Load,Other,2467.6948647
2016-11-30T01:00:00Z,1996,1996-Median Demand,Other,2467.6948647
2016-11-30T01:00:00Z,2000,2000-Low Demand,Other,2467.6948647
2016-11-30T01:00:00Z,2001,2001-Low Demand,Other,2467.6948647
2016-11-30T01:00:00Z,2008,2008-High Demand,Other,2467.6948647
2016-11-30T01:00:00Z,2010,2010-High Demand,Other,2467.6948647
2016-11-30T01:00:00Z,2012,2012-Lost Load,Other,2467.6948647
2016-11-30T02:00:00Z,1996,1996-Median Demand,Other,2467.6948647
2016-11-30T02:00:00Z,2000,2000-Low Demand,Other,2467.6948647
2016-11-30T02:00:00Z,2001,2001-Low Demand,Other,2467.6948647
2016-11-30T02:00:00Z,2008,2008-High Demand,Other,2467.6948647
2016-11-30T02:00:00Z,2010,2010-High Demand,Other,2467.6948647
2016-11-30T02:00:00Z,2012,2012-Lost Load,Other,2467.6948647
2016-11-30T03:00:00Z,1996,1996-Median Demand,Other,2467.6948647
2016-11-30T03:00:00Z,2000,2000-Low Demand,Other,2467.6948647
2016-11-30T03:00:00Z,2001,2001-Low Demand,Other,2467.6948647
2016-11-30T03:00:00Z,2008,2008-High Demand,Other,2467.6948647
2016-11-30T03:00:00Z,2010,2010-High Demand,Other,2467.6948647
2016-11-30T03:00:00Z,2012,2012-Lost Load,Other,2467.6948647
2016-11-30T04:00:00Z,1996,1996-Median Demand,Other,2467.6948647
2016-11-30T04:00:00Z,2000,2000-Low Demand,Other,2467.6948647
2016-11-30T04:00:00Z,2001,2001-Low Demand,Other,2467.6948647
2016-11-30T04:00:00Z,2008,2008-High Demand,Other,2467.6948647
2016-11-30T04:00:00Z,2010,2010-High Demand,Other,2467.6948647
2016-11-30T04:00:00Z,2012,2012-Lost Load,Other,2467.6948647
2016-11-30T05:00:00Z,1996,1996-Median Demand,Other,2467.6948647
2016-11-30T05:00:00Z,2000,2000-Low Demand,Other,2467.6948647
2016-11-30T05:00:00Z,2001,2001-Low Demand,Other,2467.6948647
2016-11-30T05:00:00Z,2008,2008-High Demand,Other,2467.6948647
2016-11-30T05:00:00Z,2010,2010-High Demand,Other,2467.6948647
2016-11-30T05:00:00Z,2012,2012-Lost Load,Other,2467.6948647
2016-11-30T06:00:00Z,1996,1996-Median Demand,Other,2467.6948647
2016-11-30T06:00:00Z,2000,2000-Low Demand,Other,2467.6948647
2016-11-30T06:00:00Z,2001,2001-Low Demand,Other,2467.6948647
2016-11-30T06:00:00Z,2008,2008-High Demand,Other,2467.6948647
2016-11-30T06:00:00Z,2010,2010-High Demand,Other,2467.6948647
2016-11-30T06:00:00Z,2012,2012-Lost Load,Other,2467.6948647
2016-11-30T07:00:00Z,1996,1996-Median Demand,Other,2467.6948647
2016-11-30T07:00:00Z,2000,2000-Low Demand,Other,2467.6948647
2016-11-30T07:00:00Z,2001,2001-Low Demand,Other,2467.6948647
2016-11-30T07:00:00Z,2008,2008-High Demand,Other,2467.6948647
2016-11-30T07:00:00Z,2010,2010-High Demand,Other,2467.6948647
2016-11-30T07:00:00Z,2012,2012-Lost Load,Other,2467.6948647
2016-11-30T08:00:00Z,1996,1996-Median Demand,Other,2467.6948647
2016-11-30T08:00:00Z,2000,2000-Low Demand,Other,2467.6948647
2016-11-30T08:00:00Z,2001,2001-Low Demand,Other,2467.6948647
2016-11-30T08:00:00Z,2008,2008-High Demand,Other,2467.6948647
2016-11-30T08:00:00Z,2010,2010-High Demand,Other,2467.6948647
2016-11-30T08:00:00Z,2012,2012-Lost Load,Other,2467.6948647
2016-11-30T09:00:00Z,1996,1996-Median Demand,Other,2467.6948647
2016-11-30T09:00:00Z,2000,2000-Low Demand,Other,2467.6948647
2016-11-30T09:00:00Z,2001,2001-Low Demand,Other,2467.6948647
2016-11-30T09:00:00Z,2008,2008-High Demand,Other,2467.6948647
2016-11-30T09:00:00Z,2010,2010-High Demand,Other,2467.6948647
2016-11-30T09:00:00Z,2012,2012-Lost Load,Other,2467.6948647
2016-11-30T10:00:00Z,1996,1996-Median Demand,Other,2467.6948647
2016-11-30T10:00:00Z,2000,2000-Low Demand,Other,2467.6948647
2016-11-30T10:00:00Z,2001,2001-Low Demand,Other,2467.6948647
2016-11-30T10:00:00Z,2008,2008-High Demand,Other,2467.6948647
2016-11-30T10:00:00Z,2010,2010-High Demand,Other,2467.6948647
2016-11-30T10:00:00Z,2012,2012-Lost Load,Other,2545.4548646999997
2016-11-30T11:00:00Z,1996,1996-Median Demand,Other,2467.6948647
2016-11-30T11:00:00Z,2000,2000-Low Demand,Other,2467.6948647
2016-11-30T11:00:00Z,2001,2001-Low Demand,Other,2467.6948647
2016-11-30T11:00:00Z,2008,2008-High Demand,Other,2467.6948647
2016-11-30T11:00:00Z,2010,2010-High Demand,Other,2467.6948647
2016-11-30T11:00:00Z,2012,2012-Lost Load,Other,2489.7268646999996
2016-11-30T12:00:00Z,1996,1996-Median Demand,Other,2467.6948647
2016-11-30T12:00:00Z,2000,2000-Low Demand,Other,2467.6948647
2016-11-30T12:00:00Z,2001,2001-Low Demand,Other,2467.6948647
2016-11-30T12:00:00Z,2008,2008-High Demand,Other,2467.6948647
2016-11-30T12:00:00Z,2010,2010-High Demand,Other,2467.6948647
2016-11-30T12:00:00Z,2012,2012-Lost Load,Other,2489.7268646999996
2016-11-30T13:00:00Z,1996,1996-Median Demand,Other,2467.6948647
2016-11-30T13:00:00Z,2000,2000-Low Demand,Other,2467.6948647
2016-11-30T13:00:00Z,2001,2001-Low Demand,Other,2467.6948647
2016-11-30T13:00:00Z,2008,2008-High Demand,Other,2467.6948647
2016-11-30T13:00:00Z,2010,2010-High Demand,Other,2467.6948647
2016-11-30T13:00:00Z,2012,2012-Lost Load,Other,2489.7268646999996
2016-11-30T14:00:00Z,1996,1996-Median Demand,Other,2467.6948647
2016-11-30T14:00:00Z,2000,2000-Low Demand,Other,2467.6948647
2016-11-30T14:00:00Z,2001,2001-Low Demand,Other,2467.6948647
2016-11-30T14:00:00Z,2008,2008-High Demand,Other,2467.6948647
2016-11-30T14:00:00Z,2010,2010-High Demand,Other,2467.6948647
2016-11-30T14:00:00Z,2012,2012-Lost Load,Other,2489.7268646999996
2016-11-30T15:00:00Z,1996,1996-Median Demand,Other,2467.6948647
2016-11-30T15:00:00Z,2000,2000-Low Demand,Other,2467.6948647
2016-11-30T15:00:00Z,2001,2001-Low Demand,Other,2467.6948647
2016-11-30T15:00:00Z,2008,2008-High Demand,Other,2467.6948647
2016-11-30T15:00:00Z,2010,2010-High Demand,Other,2467.6948647
2016-11-30T15:00:00Z,2012,2012-Lost Load,Other,2675.0548646999996
2016-11-30T16:00:00Z,1996,1996-Median Demand,Other,2675.0548646999996
2016-11-30T16:00:00Z,2000,2000-Low Demand,Other,2675.0548646999996
2016-11-30T16:00:00Z,2001,2001-Low Demand,Other,2467.6948647
2016-11-30T16:00:00Z,2008,2008-High Demand,Other,2675.0548646999996
2016-11-30T16:00:00Z,2010,2010-High Demand,Other,2675.0548646999996
2016-11-30T16:00:00Z,2012,2012-Lost Load,Other,3354.1948646999995
2016-11-30T17:00:00Z,1996,1996-Median Demand,Other,3354.1948646999995
2016-11-30T17:00:00Z,2000,2000-Low Demand,Other,3354.1948646999995
2016-11-30T17:00:00Z,2001,2001-Low Demand,Other,2467.6948647
2016-11-30T17:00:00Z,2008,2008-High Demand,Other,3354.1948646999995
2016-11-30T17:00:00Z,2010,2010-High Demand,Other,3354.1948646999995
2016-11-30T17:00:00Z,2012,2012-Lost Load,Other,3354.1948646999995
2016-11-30T18:00:00Z,1996,1996-Median Demand,Other,3354.1948646999995
2016-11-30T18:00:00Z,2000,2000-Low Demand,Other,3286.4548646999997
2016-11-30T18:00:00Z,2001,2001-Low Demand,Other,2467.6948647
2016-11-30T18:00:00Z,2008,2008-High Demand,Other,3354.1948646999995
2016-11-30T18:00:00Z,2010,2010-High Demand,Other,3354.1948646999995
2016-11-30T18:00:00Z,2012,2012-Lost Load,Other,3354.1948646999995
2016-11-30T19:00:00Z,1996,1996-Median Demand,Other,3354.1948646999995
2016-11-30T19:00:00Z,2000,2000-Low Demand,Other,2562.7348647
2016-11-30T19:00:00Z,2001,2001-Low Demand,Other,2467.6948647
2016-11-30T19:00:00Z,2008,2008-High Demand,Other,3354.1948646999995
2016-11-30T19:00:00Z,2010,2010-High Demand,Other,3354.1948646999995
2016-11-30T19:00:00Z,2012,2012-Lost Load,Other,3354.1948646999995
2016-11-30T20:00:00Z,1996,1996-Median Demand,Other,3354.1948646999995
2016-11-30T20:00:00Z,2000,2000-Low Demand,Other,2467.6948647
2016-11-30T20:00:00Z,2001,2001-Low Demand,Other,2467.6948647
2016-11-30T20:00:00Z,2008,2008-High Demand,Other,3329.6548646999995
2016-11-30T20:00:00Z,2010,2010-High Demand,Other,3354.1948646999995
2016-11-30T20:00:00Z,2012,2012-Lost Load,Other,3354.1948646999995
2016-11-30T21:00:00Z,1996,1996-Median Demand,Other,2630.4748646999997
2016-11-30T21:00:00Z,2000,2000-Low Demand,Other,2467.6948647
2016-11-30T21:00:00Z,2001,2001-Low Demand,Other,2467.6948647
2016-11-30T21:00:00Z,2008,2008-High Demand,Other,2605.9348646999997
2016-11-30T21:00:00Z,2010,2010-High Demand,Other,2630.4748646999997
2016-11-30T21:00:00Z,2012,2012-Lost Load,Other,3354.1948646999995
2016-11-30T22:00:00Z,1996,1996-Median Demand,Other,2467.6948647
2016-11-30T22:00:00Z,2000,2000-Low Demand,Other,2467.6948647
2016-11-30T22:00:00Z,2001,2001-Low Demand,Other,2467.6948647
2016-11-30T22:00:00Z,2008,2008-High Demand,Other,2467.6948647
2016-11-30T22:00:00Z,2010,2010-High Demand,Other,2467.6948647
2016-11-30T22:00:00Z,2012,2012-Lost Load,Other,2630.4748646999997
2016-11-30T23:00:00Z,1996,1996-Median Demand,Other,2467.6948647
2016-11-30T23:00:00Z,2000,2000-Low Demand,Other,2467.6948647
2016-11-30T23:00:00Z,2001,2001-Low Demand,Other,2467.6948647
2016-11-30T23:00:00Z,2008,2008-High Demand,Other,2467.6948647
2016-11-30T23:00:00Z,2010,2010-High Demand,Other,2467.6948647
2016-11-30T23:00:00Z,2012,2012-Lost Load,Other,2467.6948647
2016-11-30T00:00:00Z,1996,1996-Median Demand,ShedLoad,0
2016-11-30T00:00:00Z,2000,2000-Low Demand,ShedLoad,0
2016-11-30T00:00:00Z,2001,2001-Low Demand,ShedLoad,0
2016-11-30T00:00:00Z,2008,2008-High Demand,ShedLoad,0
2016-11-30T00:00:00Z,2010,2010-High Demand,ShedLoad,0
2016-11-30T00:00:00Z,2012,2012-Lost Load,ShedLoad,0
2016-11-30T01:00:00Z,1996,1996-Median Demand,ShedLoad,0
2016-11-30T01:00:00Z,2000,2000-Low Demand,ShedLoad,0
2016-11-30T01:00:00Z,2001,2001-Low Demand,ShedLoad,0
2016-11-30T01:00:00Z,2008,2008-High Demand,ShedLoad,0
2016-11-30T01:00:00Z,2010,2010-High Demand,ShedLoad,0
2016-11-30T01:00:00Z,2012,2012-Lost Load,ShedLoad,0
2016-11-30T02:00:00Z,1996,1996-Median Demand,ShedLoad,0
2016-11-30T02:00:00Z,2000,2000-Low Demand,ShedLoad,0
2016-11-30T02:00:00Z,2001,2001-Low Demand,ShedLoad,0
2016-11-30T02:00:00Z,2008,2008-High Demand,ShedLoad,0
2016-11-30T02:00:00Z,2010,2010-High Demand,ShedLoad,0
2016-11-30T02:00:00Z,2012,2012-Lost Load,ShedLoad,0
2016-11-30T03:00:00Z,1996,1996-Median Demand,ShedLoad,0
2016-11-30T03:00:00Z,2000,2000-Low Demand,ShedLoad,0
2016-11-30T03:00:00Z,2001,2001-Low Demand,ShedLoad,0
2016-11-30T03:00:00Z,2008,2008-High Demand,ShedLoad,0
2016-11-30T03:00:00Z,2010,2010-High Demand,ShedLoad,0
2016-11-30T03:00:00Z,2012,2012-Lost Load,ShedLoad,0
2016-11-30T04:00:00Z,1996,1996-Median Demand,ShedLoad,0
2016-11-30T04:00:00Z,2000,2000-Low Demand,ShedLoad,0
2016-11-30T04:00:00Z,2001,2001-Low Demand,ShedLoad,0
2016-11-30T04:00:00Z,2008,2008-High Demand,ShedLoad,0
2016-11-30T04:00:00Z,2010,2010-High Demand,ShedLoad,0
2016-11-30T04:00:00Z,2012,2012-Lost Load,ShedLoad,0
2016-11-30T05:00:00Z,1996,1996-Median Demand,ShedLoad,0
2016-11-30T05:00:00Z,2000,2000-Low Demand,ShedLoad,0
2016-11-30T05:00:00Z,2001,2001-Low Demand,ShedLoad,0
2016-11-30T05:00:00Z,2008,2008-High Demand,ShedLoad,0
2016-11-30T05:00:00Z,2010,2010-High Demand,ShedLoad,0
2016-11-30T05:00:00Z,2012,2012-Lost Load,ShedLoad,0
2016-11-30T06:00:00Z,1996,1996-Median Demand,ShedLoad,0
2016-11-30T06:00:00Z,2000,2000-Low Demand,ShedLoad,0
2016-11-30T06:00:00Z,2001,2001-Low Demand,ShedLoad,0
2016-11-30T06:00:00Z,2008,2008-High Demand,ShedLoad,0
2016-11-30T06:00:00Z,2010,2010-High Demand,ShedLoad,0
2016-11-30T06:00:00Z,2012,2012-Lost Load,ShedLoad,0
2016-11-30T07:00:00Z,1996,1996-Median Demand,ShedLoad,0
2016-11-30T07:00:00Z,2000,2000-Low Demand,ShedLoad,0
2016-11-30T07:00:00Z,2001,2001-Low Demand,ShedLoad,0
2016-11-30T07:00:00Z,2008,2008-High Demand,ShedLoad,0
2016-11-30T07:00:00Z,2010,2010-High Demand,ShedLoad,0
2016-11-30T07:00:00Z,2012,2012-Lost Load,ShedLoad,0
2016-11-30T08:00:00Z,1996,1996-Median Demand,ShedLoad,0
2016-11-30T08:00:00Z,2000,2000-Low Demand,ShedLoad,0
2016-11-30T08:00:00Z,2001,2001-Low Demand,ShedLoad,0
2016-11-30T08:00:00Z,2008,2008-High Demand,ShedLoad,0
2016-11-30T08:00:00Z,2010,2010-High Demand,ShedLoad,0
2016-11-30T08:00:00Z,2012,2012-Lost Load,ShedLoad,0
2016-11-30T09:00:00Z,1996,1996-Median Demand,ShedLoad,0
2016-11-30T09:00:00Z,2000,2000-Low Demand,ShedLoad,0
2016-11-30T09:00:00Z,2001,2001-Low Demand,ShedLoad,0
2016-11-30T09:00:00Z,2008,2008-High Demand,ShedLoad,0
2016-11-30T09:00:00Z,2010,2010-High Demand,ShedLoad,0
2016-11-30T09:00:00Z,2012,2012-Lost Load,ShedLoad,0
2016-11-30T10:00:00Z,1996,1996-Median Demand,ShedLoad,0
2016-11-30T10:00:00Z,2000,2000-Low Demand,ShedLoad,0
2016-11-30T10:00:00Z,2001,2001-Low Demand,ShedLoad,0
2016-11-30T10:00:00Z,2008,2008-High Demand,ShedLoad,0
2016-11-30T10:00:00Z,2010,2010-High Demand,ShedLoad,0
2016-11-30T10:00:00Z,2012,2012-Lost Load,ShedLoad,0
2016-11-30T11:00:00Z,1996,1996-Median Demand,ShedLoad,0
2016-11-30T11:00:00Z,2000,2000-Low Demand,ShedLoad,0
2016-11-30T11:00:00Z,2001,2001-Low Demand,ShedLoad,0
2016-11-30T11:00:00Z,2008,2008-High Demand,ShedLoad,0
2016-11-30T11:00:00Z,2010,2010-High Demand,ShedLoad,0
2016-11-30T11:00:00Z,2012,2012-Lost Load,ShedLoad,0
2016-11-30T12:00:00Z,1996,1996-Median Demand,ShedLoad,0
2016-11-30T12:00:00Z,2000,2000-Low Demand,ShedLoad,0
2016-11-30T12:00:00Z,2001,2001-Low Demand,ShedLoad,0
2016-11-30T12:00:00Z,2008,2008-High Demand,ShedLoad,0
2016-11-30T12:00:00Z,2010,2010-High Demand,ShedLoad,0
2016-11-30T12:00:00Z,2012,2012-Lost Load,ShedLoad,0
2016-11-30T13:00:00Z,1996,1996-Median Demand,ShedLoad,0
2016-11-30T13:00:00Z,2000,2000-Low Demand,ShedLoad,0
2016-11-30T13:00:00Z,2001,2001-Low Demand,ShedLoad,0
2016-11-30T13:00:00Z,2008,2008-High Demand,ShedLoad,0
2016-11-30T13:00:00Z,2010,2010-High Demand,ShedLoad,0
2016-11-30T13:00:00Z,2012,2012-Lost Load,ShedLoad,0
2016-11-30T14:00:00Z,1996,1996-Median Demand,ShedLoad,0
2016-11-30T14:00:00Z,2000,2000-Low Demand,ShedLoad,0
2016-11-30T14:00:00Z,2001,2001-Low Demand,ShedLoad,0
2016-11-30T14:00:00Z,2008,2008-High Demand,ShedLoad,0
2016-11-30T14:00:00Z,2010,2010-High Demand,ShedLoad,0
2016-11-30T14:00:00Z,2012,2012-Lost Load,ShedLoad,0
2016-11-30T15:00:00Z,1996,1996-Median Demand,ShedLoad,0
2016-11-30T15:00:00Z,2000,2000-Low Demand,ShedLoad,0
2016-11-30T15:00:00Z,2001,2001-Low Demand,ShedLoad,0
2016-11-30T15:00:00Z,2008,2008-High Demand,ShedLoad,0
2016-11-30T15:00:00Z,2010,2010-High Demand,ShedLoad,0
2016-11-30T15:00:00Z,2012,2012-Lost Load,ShedLoad,0
2016-11-30T16:00:00Z,1996,1996-Median Demand,ShedLoad,0
2016-11-30T16:00:00Z,2000,2000-Low Demand,ShedLoad,0
2016-11-30T16:00:00Z,2001,2001-Low Demand,ShedLoad,0
2016-11-30T16:00:00Z,2008,2008-High Demand,ShedLoad,0
2016-11-30T16:00:00Z,2010,2010-High Demand,ShedLoad,0
2016-11-30T16:00:00Z,2012,2012-Lost Load,ShedLoad,0
2016-11-30T17:00:00Z,1996,1996-Median Demand,ShedLoad,1495.5565750696287
2016-11-30T17:00:00Z,2000,2000-Low Demand,ShedLoad,0
2016-11-30T17:00:00Z,2001,2001-Low Demand,ShedLoad,0
2016-11-30T17:00:00Z,2008,2008-High Demand,ShedLoad,1005.0323546062668
2016-11-30T17:00:00Z,2010,2010-High Demand,ShedLoad,1760.9264361702926
2016-11-30T17:00:00Z,2012,2012-Lost Load,ShedLoad,3344.65
2016-11-30T18:00:00Z,1996,1996-Median Demand,ShedLoad,3364.950188675145
2016-11-30T18:00:00Z,2000,2000-Low Demand,ShedLoad,0
2016-11-30T18:00:00Z,2001,2001-Low Demand,ShedLoad,0
2016-11-30T18:00:00Z,2008,2008-High Demand,ShedLoad,3280.3
2016-11-30T18:00:00Z,2010,2010-High Demand,ShedLoad,3520.3500000000004
2016-11-30T18:00:00Z,2012,2012-Lost Load,ShedLoad,3344.65
2016-11-30T19:00:00Z,1996,1996-Median Demand,ShedLoad,2741.310212162275
2016-11-30T19:00:00Z,2000,2000-Low Demand,ShedLoad,0
2016-11-30T19:00:00Z,2001,2001-Low Demand,ShedLoad,0
2016-11-30T19:00:00Z,2008,2008-High Demand,ShedLoad,670.2839196914744
2016-11-30T19:00:00Z,2010,2010-High Demand,ShedLoad,1430.3684691484596
2016-11-30T19:00:00Z,2012,2012-Lost Load,ShedLoad,3344.65
2016-11-30T20:00:00Z,1996,1996-Median Demand,ShedLoad,569.0999750782767
2016-11-30T20:00:00Z,2000,2000-Low Demand,ShedLoad,0
2016-11-30T20:00:00Z,2001,2001-Low Demand,ShedLoad,0
2016-11-30T20:00:00Z,2008,2008-High Demand,ShedLoad,0
2016-11-30T20:00:00Z,2010,2010-High Demand,ShedLoad,0
2016-11-30T20:00:00Z,2012,2012-Lost Load,ShedLoad,1574.251022579093
2016-11-30T21:00:00Z,1996,1996-Median Demand,ShedLoad,0
2016-11-30T21:00:00Z,2000,2000-Low Demand,ShedLoad,0
2016-11-30T21:00:00Z,2001,2001-Low Demand,ShedLoad,0
2016-11-30T21:00:00Z,2008,2008-High Demand,ShedLoad,0
2016-11-30T21:00:00Z,2010,2010-High Demand,ShedLoad,0
2016-11-30T21:00:00Z,2012,2012-Lost Load,ShedLoad,0
2016-11-30T22:00:00Z,1996,1996-Median Demand,ShedLoad,0
2016-11-30T22:00:00Z,2000,2000-Low Demand,ShedLoad,0
2016-11-30T22:00:00Z,2001,2001-Low Demand,ShedLoad,0
2016-11-30T22:00:00Z,2008,2008-High Demand,ShedLoad,0
2016-11-30T22:00:00Z,2010,2010-High Demand,ShedLoad,0
2016-11-30T22:00:00Z,2012,2012-Lost Load,ShedLoad,0
2016-11-30T23:00:00Z,1996,1996-Median Demand,ShedLoad,0
2016-11-30T23:00:00Z,2000,2000-Low Demand,ShedLoad,0
2016-11-30T23:00:00Z,2001,2001-Low Demand,ShedLoad,0
2016-11-30T23:00:00Z,2008,2008-High Demand,ShedLoad,0
2016-11-30T23:00:00Z,2010,2010-High Demand,ShedLoad,0
2016-11-30T23:00:00Z,2012,2012-Lost Load,ShedLoad,0
2016-11-30T00:00:00Z,1996,1996-Median Demand,Wind & Solar,8918.10444832
2016-11-30T00:00:00Z,2000,2000-Low Demand,Wind & Solar,8761.079294216
2016-11-30T00:00:00Z,2001,2001-Low Demand,Wind & Solar,1898.228458112
2016-11-30T00:00:00Z,2008,2008-High Demand,Wind & Solar,1209.4045546520001
2016-11-30T00:00:00Z,2010,2010-High Demand,Wind & Solar,5298.002088352
2016-11-30T00:00:00Z,2012,2012-Lost Load,Wind & Solar,676.733175596
2016-11-30T01:00:00Z,1996,1996-Median Demand,Wind & Solar,8989.3212090599991
2016-11-30T01:00:00Z,2000,2000-Low Demand,Wind & Solar,8404.481720988
2016-11-30T01:00:00Z,2001,2001-Low Demand,Wind & Solar,2326.159629856
2016-11-30T01:00:00Z,2008,2008-High Demand,Wind & Solar,1448.442766436
2016-11-30T01:00:00Z,2010,2010-High Demand,Wind & Solar,5627.707106712
2016-11-30T01:00:00Z,2012,2012-Lost Load,Wind & Solar,678.5484143
2016-11-30T02:00:00Z,1996,1996-Median Demand,Wind & Solar,9130.921800264
2016-11-30T02:00:00Z,2000,2000-Low Demand,Wind & Solar,7805.962714863999
2016-11-30T02:00:00Z,2001,2001-Low Demand,Wind & Solar,2789.6081154080002
2016-11-30T02:00:00Z,2008,2008-High Demand,Wind & Solar,1754.57803706
2016-11-30T02:00:00Z,2010,2010-High Demand,Wind & Solar,5848.291547123999
2016-11-30T02:00:00Z,2012,2012-Lost Load,Wind & Solar,685.3856232
2016-11-30T03:00:00Z,1996,1996-Median Demand,Wind & Solar,9344.63757814
2016-11-30T03:00:00Z,2000,2000-Low Demand,Wind & Solar,7011.907714772
2016-11-30T03:00:00Z,2001,2001-Low Demand,Wind & Solar,3370.9299212839996
2016-11-30T03:00:00Z,2008,2008-High Demand,Wind & Solar,1985.616752172
2016-11-30T03:00:00Z,2010,2010-High Demand,Wind & Solar,6003.369384988
2016-11-30T03:00:00Z,2012,2012-Lost Load,Wind & Solar,693.9546346879999
2016-11-30T04:00:00Z,1996,1996-Median Demand,Wind & Solar,9417.855293784
2016-11-30T04:00:00Z,2000,2000-Low Demand,Wind & Solar,6102.458464396
2016-11-30T04:00:00Z,2001,2001-Low Demand,Wind & Solar,4139.952560035999
2016-11-30T04:00:00Z,2008,2008-High Demand,Wind & Solar,2207.996326964
2016-11-30T04:00:00Z,2010,2010-High Demand,Wind & Solar,6198.665052548
2016-11-30T04:00:00Z,2012,2012-Lost Load,Wind & Solar,696.545392476
2016-11-30T05:00:00Z,1996,1996-Median Demand,Wind & Solar,9471.799704883999
2016-11-30T05:00:00Z,2000,2000-Low Demand,Wind & Solar,5277.080239756
2016-11-30T05:00:00Z,2001,2001-Low Demand,Wind & Solar,4985.8404929200005
2016-11-30T05:00:00Z,2008,2008-High Demand,Wind & Solar,2525.2975633160004
2016-11-30T05:00:00Z,2010,2010-High Demand,Wind & Solar,6314.329154851999
2016-11-30T05:00:00Z,2012,2012-Lost Load,Wind & Solar,674.8043608759999
2016-11-30T06:00:00Z,1996,1996-Median Demand,Wind & Solar,9449.36344596
2016-11-30T06:00:00Z,2000,2000-Low Demand,Wind & Solar,4981.575392076
2016-11-30T06:00:00Z,2001,2001-Low Demand,Wind & Solar,5769.349273516
2016-11-30T06:00:00Z,2008,2008-High Demand,Wind & Solar,2846.9799116120003
2016-11-30T06:00:00Z,2010,2010-High Demand,Wind & Solar,6406.345259592
2016-11-30T06:00:00Z,2012,2012-Lost Load,Wind & Solar,634.617546356
2016-11-30T07:00:00Z,1996,1996-Median Demand,Wind & Solar,9318.837059024
2016-11-30T07:00:00Z,2000,2000-Low Demand,Wind & Solar,5202.603550712
2016-11-30T07:00:00Z,2001,2001-Low Demand,Wind & Solar,6446.530908168001
2016-11-30T07:00:00Z,2008,2008-High Demand,Wind & Solar,3141.7504787159996
2016-11-30T07:00:00Z,2010,2010-High Demand,Wind & Solar,6544.676044332
2016-11-30T07:00:00Z,2012,2012-Lost Load,Wind & Solar,582.3722523440001
2016-11-30T08:00:00Z,1996,1996-Median Demand,Wind & Solar,9074.728364548
2016-11-30T08:00:00Z,2000,2000-Low Demand,Wind & Solar,5776.016825916
2016-11-30T08:00:00Z,2001,2001-Low Demand,Wind & Solar,6824.495660424
2016-11-30T08:00:00Z,2008,2008-High Demand,Wind & Solar,3360.3381235280003
2016-11-30T08:00:00Z,2010,2010-High Demand,Wind & Solar,6683.3590741319995
2016-11-30T08:00:00Z,2012,2012-Lost Load,Wind & Solar,531.160354268
2016-11-30T09:00:00Z,1996,1996-Median Demand,Wind & Solar,8674.156932624
2016-11-30T09:00:00Z,2000,2000-Low Demand,Wind & Solar,6278.468707528
2016-11-30T09:00:00Z,2001,2001-Low Demand,Wind & Solar,7158.692930011999
2016-11-30T09:00:00Z,2008,2008-High Demand,Wind & Solar,3722.1390607376165
2016-11-30T09:00:00Z,2010,2010-High Demand,Wind & Solar,6988.192638982785
2016-11-30T09:00:00Z,2012,2012-Lost Load,Wind & Solar,750.516965382338
2016-11-30T10:00:00Z,1996,1996-Median Demand,Wind & Solar,8561.724434952688
2016-11-30T10:00:00Z,2000,2000-Low Demand,Wind & Solar,6960.02853333177
2016-11-30T10:00:00Z,2001,2001-Low Demand,Wind & Solar,7747.6129111626215
2016-11-30T10:00:00Z,2008,2008-High Demand,Wind & Solar,3843.0597923803966
2016-11-30T10:00:00Z,2010,2010-High Demand,Wind & Solar,7049.728065196895
2016-11-30T10:00:00Z,2012,2012-Lost Load,Wind & Solar,1181.6182985981777
2016-11-30T11:00:00Z,1996,1996-Median Demand,Wind & Solar,8237.171631314612
2016-11-30T11:00:00Z,2000,2000-Low Demand,Wind & Solar,7651.641040922121
2016-11-30T11:00:00Z,2001,2001-Low Demand,Wind & Solar,8310.592614578225
2016-11-30T11:00:00Z,2008,2008-High Demand,Wind & Solar,4009.984025625387
2016-11-30T11:00:00Z,2010,2010-High Demand,Wind & Solar,7004.049128037053
2016-11-30T11:00:00Z,2012,2012-Lost Load,Wind & Solar,1987.1229329354383
2016-11-30T12:00:00Z,1996,1996-Median Demand,Wind & Solar,7732.381806513611
2016-11-30T12:00:00Z,2000,2000-Low Demand,Wind & Solar,8207.002930679166
2016-11-30T12:00:00Z,2001,2001-Low Demand,Wind & Solar,8510.297844692297
2016-11-30T12:00:00Z,2008,2008-High Demand,Wind & Solar,4195.366102785958
2016-11-30T12:00:00Z,2010,2010-High Demand,Wind & Solar,6973.709219980468
2016-11-30T12:00:00Z,2012,2012-Lost Load,Wind & Solar,2645.443939142937
2016-11-30T13:00:00Z,1996,1996-Median Demand,Wind & Solar,7089.021810378612
2016-11-30T13:00:00Z,2000,2000-Low Demand,Wind & Solar,8517.634872943314
2016-11-30T13:00:00Z,2001,2001-Low Demand,Wind & Solar,8727.607315952715
2016-11-30T13:00:00Z,2008,2008-High Demand,Wind & Solar,4508.474241445305
2016-11-30T13:00:00Z,2010,2010-High Demand,Wind & Solar,6930.669103952382
2016-11-30T13:00:00Z,2012,2012-Lost Load,Wind & Solar,2668.973614872463
2016-11-30T14:00:00Z,1996,1996-Median Demand,Wind & Solar,6017.275369533641
2016-11-30T14:00:00Z,2000,2000-Low Demand,Wind & Solar,8669.777255914556
2016-11-30T14:00:00Z,2001,2001-Low Demand,Wind & Solar,8793.670793259118
2016-11-30T14:00:00Z,2008,2008-High Demand,Wind & Solar,4364.811923998519
2016-11-30T14:00:00Z,2010,2010-High Demand,Wind & Solar,6902.909247284908
2016-11-30T14:00:00Z,2012,2012-Lost Load,Wind & Solar,2228.123906170751
2016-11-30T15:00:00Z,1996,1996-Median Demand,Wind & Solar,4945.637921396647
2016-11-30T15:00:00Z,2000,2000-Low Demand,Wind & Solar,8630.064952102219
2016-11-30T15:00:00Z,2001,2001-Low Demand,Wind & Solar,8759.505418391936
2016-11-30T15:00:00Z,2008,2008-High Demand,Wind & Solar,4103.231246404546
2016-11-30T15:00:00Z,2010,2010-High Demand,Wind & Solar,7043.537111903598
2016-11-30T15:00:00Z,2012,2012-Lost Load,Wind & Solar,1609.4148366561294
2016-11-30T16:00:00Z,1996,1996-Median Demand,Wind & Solar,3701.2410423465635
2016-11-30T16:00:00Z,2000,2000-Low Demand,Wind & Solar,8811.391712826644
2016-11-30T16:00:00Z,2001,2001-Low Demand,Wind & Solar,8612.118413707418
2016-11-30T16:00:00Z,2008,2008-High Demand,Wind & Solar,3926.9584417896936
2016-11-30T16:00:00Z,2010,2010-High Demand,Wind & Solar,6688.525935276202
2016-11-30T16:00:00Z,2012,2012-Lost Load,Wind & Solar,1040.5317851363147
2016-11-30T17:00:00Z,1996,1996-Median Demand,Wind & Solar,2513.5034262966474
2016-11-30T17:00:00Z,2000,2000-Low Demand,Wind & Solar,9224.713340215538
2016-11-30T17:00:00Z,2001,2001-Low Demand,Wind & Solar,7857.733745793266
2016-11-30T17:00:00Z,2008,2008-High Demand,Wind & Solar,3866.095235548
2016-11-30T17:00:00Z,2010,2010-High Demand,Wind & Solar,6487.511070136463
2016-11-30T17:00:00Z,2012,2012-Lost Load,Wind & Solar,803.275672484
2016-11-30T18:00:00Z,1996,1996-Median Demand,Wind & Solar,1596.508970968
2016-11-30T18:00:00Z,2000,2000-Low Demand,Wind & Solar,9509.063824063998
2016-11-30T18:00:00Z,2001,2001-Low Demand,Wind & Solar,7271.045994291999
2016-11-30T18:00:00Z,2008,2008-High Demand,Wind & Solar,3913.233653896
2016-11-30T18:00:00Z,2010,2010-High Demand,Wind & Solar,6423.312599188001
2016-11-30T18:00:00Z,2012,2012-Lost Load,Wind & Solar,888.44205868
2016-11-30T19:00:00Z,1996,1996-Median Demand,Wind & Solar,1079.749789204
2016-11-30T19:00:00Z,2000,2000-Low Demand,Wind & Solar,9774.554748284
2016-11-30T19:00:00Z,2001,2001-Low Demand,Wind & Solar,6798.970522276
2016-11-30T19:00:00Z,2008,2008-High Demand,Wind & Solar,3774.7304575440003
2016-11-30T19:00:00Z,2010,2010-High Demand,Wind & Solar,6398.751256883999
2016-11-30T19:00:00Z,2012,2012-Lost Load,Wind & Solar,963.3734341919999
2016-11-30T20:00:00Z,1996,1996-Median Demand,Wind & Solar,871.960026288
2016-11-30T20:00:00Z,2000,2000-Low Demand,Wind & Solar,9925.526531180001
2016-11-30T20:00:00Z,2001,2001-Low Demand,Wind & Solar,6490.312037932
2016-11-30T20:00:00Z,2008,2008-High Demand,Wind & Solar,3583.149142636
2016-11-30T20:00:00Z,2010,2010-High Demand,Wind & Solar,6334.552292864
2016-11-30T20:00:00Z,2012,2012-Lost Load,Wind & Solar,1025.796202784
2016-11-30T21:00:00Z,1996,1996-Median Demand,Wind & Solar,956.1516084320001
2016-11-30T21:00:00Z,2000,2000-Low Demand,Wind & Solar,9981.8997086
2016-11-30T21:00:00Z,2001,2001-Low Demand,Wind & Solar,6325.610105316
2016-11-30T21:00:00Z,2008,2008-High Demand,Wind & Solar,3446.0877591000003
2016-11-30T21:00:00Z,2010,2010-High Demand,Wind & Solar,6265.372864984
2016-11-30T21:00:00Z,2012,2012-Lost Load,Wind & Solar,1107.0534725520001
2016-11-30T22:00:00Z,1996,1996-Median Demand,Wind & Solar,1329.870329932
2016-11-30T22:00:00Z,2000,2000-Low Demand,Wind & Solar,9957.077142828
2016-11-30T22:00:00Z,2001,2001-Low Demand,Wind & Solar,6307.40621314
2016-11-30T22:00:00Z,2008,2008-High Demand,Wind & Solar,3407.852539844
2016-11-30T22:00:00Z,2010,2010-High Demand,Wind & Solar,6226.509883324001
2016-11-30T22:00:00Z,2012,2012-Lost Load,Wind & Solar,1238.167342484
2016-11-30T23:00:00Z,1996,1996-Median Demand,Wind & Solar,1947.4072377080001
2016-11-30T23:00:00Z,2000,2000-Low Demand,Wind & Solar,9890.832559996
2016-11-30T23:00:00Z,2001,2001-Low Demand,Wind & Solar,6111.6254135359995
2016-11-30T23:00:00Z,2008,2008-High Demand,Wind & Solar,3563.13620394
2016-11-30T23:00:00Z,2010,2010-High Demand,Wind & Solar,6203.991044892
2016-11-30T23:00:00Z,2012,2012-Lost Load,Wind & Solar,1436.870280532
2016-11-30T00:00:00Z,1996,1996-Median Demand,Loss of Load,0
2016-11-30T00:00:00Z,2000,2000-Low Demand,Loss of Load,0
2016-11-30T00:00:00Z,2001,2001-Low Demand,Loss of Load,0
2016-11-30T00:00:00Z,2008,2008-High Demand,Loss of Load,0
2016-11-30T00:00:00Z,2010,2010-High Demand,Loss of Load,1.8189894035458565e-12
2016-11-30T00:00:00Z,2012,2012-Lost Load,Loss of Load,0
2016-11-30T01:00:00Z,1996,1996-Median Demand,Loss of Load,0
2016-11-30T01:00:00Z,2000,2000-Low Demand,Loss of Load,0
2016-11-30T01:00:00Z,2001,2001-Low Demand,Loss of Load,0
2016-11-30T01:00:00Z,2008,2008-High Demand,Loss of Load,0
2016-11-30T01:00:00Z,2010,2010-High Demand,Loss of Load,0
2016-11-30T01:00:00Z,2012,2012-Lost Load,Loss of Load,0
2016-11-30T02:00:00Z,1996,1996-Median Demand,Loss of Load,0
2016-11-30T02:00:00Z,2000,2000-Low Demand,Loss of Load,0
2016-11-30T02:00:00Z,2001,2001-Low Demand,Loss of Load,0
2016-11-30T02:00:00Z,2008,2008-High Demand,Loss of Load,0
2016-11-30T02:00:00Z,2010,2010-High Demand,Loss of Load,0
2016-11-30T02:00:00Z,2012,2012-Lost Load,Loss of Load,0
2016-11-30T03:00:00Z,1996,1996-Median Demand,Loss of Load,0
2016-11-30T03:00:00Z,2000,2000-Low Demand,Loss of Load,0
2016-11-30T03:00:00Z,2001,2001-Low Demand,Loss of Load,0
2016-11-30T03:00:00Z,2008,2008-High Demand,Loss of Load,0
2016-11-30T03:00:00Z,2010,2010-High Demand,Loss of Load,0
2016-11-30T03:00:00Z,2012,2012-Lost Load,Loss of Load,0
2016-11-30T04:00:00Z,1996,1996-Median Demand,Loss of Load,0
2016-11-30T04:00:00Z,2000,2000-Low Demand,Loss of Load,0
2016-11-30T04:00:00Z,2001,2001-Low Demand,Loss of Load,0
2016-11-30T04:00:00Z,2008,2008-High Demand,Loss of Load,0
2016-11-30T04:00:00Z,2010,2010-High Demand,Loss of Load,0
2016-11-30T04:00:00Z,2012,2012-Lost Load,Loss of Load,0
2016-11-30T05:00:00Z,1996,1996-Median Demand,Loss of Load,0
2016-11-30T05:00:00Z,2000,2000-Low Demand,Loss of Load,0
2016-11-30T05:00:00Z,2001,2001-Low Demand,Loss of Load,0
2016-11-30T05:00:00Z,2008,2008-High Demand,Loss of Load,0
2016-11-30T05:00:00Z,2010,2010-High Demand,Loss of Load,1.8189894035458565e-12
2016-11-30T05:00:00Z,2012,2012-Lost Load,Loss of Load,0
2016-11-30T06:00:00Z,1996,1996-Median Demand,Loss of Load,0
2016-11-30T06:00:00Z,2000,2000-Low Demand,Loss of Load,0
2016-11-30T06:00:00Z,2001,2001-Low Demand,Loss of Load,0
2016-11-30T06:00:00Z,2008,2008-High Demand,Loss of Load,0
2016-11-30T06:00:00Z,2010,2010-High Demand,Loss of Load,0
2016-11-30T06:00:00Z,2012,2012-Lost Load,Loss of Load,5.4569682106375694e-12
2016-11-30T07:00:00Z,1996,1996-Median Demand,Loss of Load,0
2016-11-30T07:00:00Z,2000,2000-Low Demand,Loss of Load,0
2016-11-30T07:00:00Z,2001,2001-Low Demand,Loss of Load,0
2016-11-30T07:00:00Z,2008,2008-High Demand,Loss of Load,5.4569682106375694e-12
2016-11-30T07:00:00Z,2010,2010-High Demand,Loss of Load,0
2016-11-30T07:00:00Z,2012,2012-Lost Load,Loss of Load,5.4569682106375694e-12
2016-11-30T08:00:00Z,1996,1996-Median Demand,Loss of Load,0
2016-11-30T08:00:00Z,2000,2000-Low Demand,Loss of Load,5.4569682106375694e-12
2016-11-30T08:00:00Z,2001,2001-Low Demand,Loss of Load,1.8189894035458565e-12
2016-11-30T08:00:00Z,2008,2008-High Demand,Loss of Load,0
2016-11-30T08:00:00Z,2010,2010-High Demand,Loss of Load,5.4569682106375694e-12
2016-11-30T08:00:00Z,2012,2012-Lost Load,Loss of Load,5.4569682106375694e-12
2016-11-30T09:00:00Z,1996,1996-Median Demand,Loss of Load,5.4569682106375694e-12
2016-11-30T09:00:00Z,2000,2000-Low Demand,Loss of Load,5.4569682106375694e-12
2016-11-30T09:00:00Z,2001,2001-Low Demand,Loss of Load,9.094947017729282e-12
2016-11-30T09:00:00Z,2008,2008-High Demand,Loss of Load,0
2016-11-30T09:00:00Z,2010,2010-High Demand,Loss of Load,5.4569682106375694e-12
2016-11-30T09:00:00Z,2012,2012-Lost Load,Loss of Load,5.4569682106375694e-12
2016-11-30T10:00:00Z,1996,1996-Median Demand,Loss of Load,0
2016-11-30T10:00:00Z,2000,2000-Low Demand,Loss of Load,0
2016-11-30T10:00:00Z,2001,2001-Low Demand,Loss of Load,1.8189894035458565e-12
2016-11-30T10:00:00Z,2008,2008-High Demand,Loss of Load,5.4569682106375694e-12
2016-11-30T10:00:00Z,2010,2010-High Demand,Loss of Load,5.4569682106375694e-12
2016-11-30T10:00:00Z,2012,2012-Lost Load,Loss of Load,0
2016-11-30T11:00:00Z,1996,1996-Median Demand,Loss of Load,5.4569682106375694e-12
2016-11-30T11:00:00Z,2000,2000-Low Demand,Loss of Load,0
2016-11-30T11:00:00Z,2001,2001-Low Demand,Loss of Load,0
2016-11-30T11:00:00Z,2008,2008-High Demand,Loss of Load,0
2016-11-30T11:00:00Z,2010,2010-High Demand,Loss of Load,0
2016-11-30T11:00:00Z,2012,2012-Lost Load,Loss of Load,3.637978807091713e-12
2016-11-30T12:00:00Z,1996,1996-Median Demand,Loss of Load,0
2016-11-30T12:00:00Z,2000,2000-Low Demand,Loss of Load,0
2016-11-30T12:00:00Z,2001,2001-Low Demand,Loss of Load,9.094947017729282e-12
2016-11-30T12:00:00Z,2008,2008-High Demand,Loss of Load,0
2016-11-30T12:00:00Z,2010,2010-High Demand,Loss of Load,5.4569682106375694e-12
2016-11-30T12:00:00Z,2012,2012-Lost Load,Loss of Load,3.637978807091713e-12
2016-11-30T13:00:00Z,1996,1996-Median Demand,Loss of Load,0
2016-11-30T13:00:00Z,2000,2000-Low Demand,Loss of Load,0
2016-11-30T13:00:00Z,2001,2001-Low Demand,Loss of Load,1.8189894035458565e-12
2016-11-30T13:00:00Z,2008,2008-High Demand,Loss of Load,0
2016-11-30T13:00:00Z,2010,2010-High Demand,Loss of Load,1.2732925824820995e-11
2016-11-30T13:00:00Z,2012,2012-Lost Load,Loss of Load,1.0913936421275139e-11
2016-11-30T14:00:00Z,1996,1996-Median Demand,Loss of Load,0
2016-11-30T14:00:00Z,2000,2000-Low Demand,Loss of Load,5.4569682106375694e-12
2016-11-30T14:00:00Z,2001,2001-Low Demand,Loss of Load,5.4569682106375694e-12
2016-11-30T14:00:00Z,2008,2008-High Demand,Loss of Load,5.4569682106375694e-12
2016-11-30T14:00:00Z,2010,2010-High Demand,Loss of Load,1.2732925824820995e-11
2016-11-30T14:00:00Z,2012,2012-Lost Load,Loss of Load,0
2016-11-30T15:00:00Z,1996,1996-Median Demand,Loss of Load,1.2732925824820995e-11
2016-11-30T15:00:00Z,2000,2000-Low Demand,Loss of Load,0
2016-11-30T15:00:00Z,2001,2001-Low Demand,Loss of Load,5.4569682106375694e-12
2016-11-30T15:00:00Z,2008,2008-High Demand,Loss of Load,5.4569682106375694e-12
2016-11-30T15:00:00Z,2010,2010-High Demand,Loss of Load,5.4569682106375694e-12
2016-11-30T15:00:00Z,2012,2012-Lost Load,Loss of Load,5.4569682106375694e-12
2016-11-30T16:00:00Z,1996,1996-Median Demand,Loss of Load,5.4569682106375694e-12
2016-11-30T16:00:00Z,2000,2000-Low Demand,Loss of Load,5.4569682106375694e-12
2016-11-30T16:00:00Z,2001,2001-Low Demand,Loss of Load,5.4569682106375694e-12
2016-11-30T16:00:00Z,2008,2008-High Demand,Loss of Load,5.4569682106375694e-12
2016-11-30T16:00:00Z,2010,2010-High Demand,Loss of Load,0
2016-11-30T16:00:00Z,2012,2012-Lost Load,Loss of Load,5.4569682106375694e-12
2016-11-30T17:00:00Z,1996,1996-Median Demand,Loss of Load,5.4569682106375694e-12
2016-11-30T17:00:00Z,2000,2000-Low Demand,Loss of Load,1.2732925824820995e-11
2016-11-30T17:00:00Z,2001,2001-Low Demand,Loss of Load,0
2016-11-30T17:00:00Z,2008,2008-High Demand,Loss of Load,5.4569682106375694e-12
2016-11-30T17:00:00Z,2010,2010-High Demand,Loss of Load,5.4569682106375694e-12
2016-11-30T17:00:00Z,2012,2012-Lost Load,Loss of Load,0
2016-11-30T18:00:00Z,1996,1996-Median Demand,Loss of Load,5.4569682106375694e-12
2016-11-30T18:00:00Z,2000,2000-Low Demand,Loss of Load,7.275957614183426e-12
2016-11-30T18:00:00Z,2001,2001-Low Demand,Loss of Load,0
2016-11-30T18:00:00Z,2008,2008-High Demand,Loss of Load,0
2016-11-30T18:00:00Z,2010,2010-High Demand,Loss of Load,5.4569682106375694e-12
2016-11-30T18:00:00Z,2012,2012-Lost Load,Loss of Load,1139.1938168680917
2016-11-30T19:00:00Z,1996,1996-Median Demand,Loss of Load,1.2732925824820995e-11
2016-11-30T19:00:00Z,2000,2000-Low Demand,Loss of Load,5.4569682106375694e-12
2016-11-30T19:00:00Z,2001,2001-Low Demand,Loss of Load,0
2016-11-30T19:00:00Z,2008,2008-High Demand,Loss of Load,5.4569682106375694e-12
2016-11-30T19:00:00Z,2010,2010-High Demand,Loss of Load,0
2016-11-30T19:00:00Z,2012,2012-Lost Load,Loss of Load,5.4569682106375694e-12
2016-11-30T20:00:00Z,1996,1996-Median Demand,Loss of Load,5.4569682106375694e-12
2016-11-30T20:00:00Z,2000,2000-Low Demand,Loss of Load,5.4569682106375694e-12
2016-11-30T20:00:00Z,2001,2001-Low Demand,Loss of Load,0
2016-11-30T20:00:00Z,2008,2008-High Demand,Loss of Load,0
2016-11-30T20:00:00Z,2010,2010-High Demand,Loss of Load,0
2016-11-30T20:00:00Z,2012,2012-Lost Load,Loss of Load,1.2732925824820995e-11
2016-11-30T21:00:00Z,1996,1996-Median Demand,Loss of Load,1.0913936421275139e-11
2016-11-30T21:00:00Z,2000,2000-Low Demand,Loss of Load,0
2016-11-30T21:00:00Z,2001,2001-Low Demand,Loss of Load,0
2016-11-30T21:00:00Z,2008,2008-High Demand,Loss of Load,0
2016-11-30T21:00:00Z,2010,2010-High Demand,Loss of Load,3.637978807091713e-12
2016-11-30T21:00:00Z,2012,2012-Lost Load,Loss of Load,0
2016-11-30T22:00:00Z,1996,1996-Median Demand,Loss of Load,1.2732925824820995e-11
2016-11-30T22:00:00Z,2000,2000-Low Demand,Loss of Load,0
2016-11-30T22:00:00Z,2001,2001-Low Demand,Loss of Load,0
2016-11-30T22:00:00Z,2008,2008-High Demand,Loss of Load,0
2016-11-30T22:00:00Z,2010,2010-High Demand,Loss of Load,0
2016-11-30T22:00:00Z,2012,2012-Lost Load,Loss of Load,3.637978807091713e-12
2016-11-30T23:00:00Z,1996,1996-Median Demand,Loss of Load,1.8189894035458565e-12
2016-11-30T23:00:00Z,2000,2000-Low Demand,Loss of Load,0
2016-11-30T23:00:00Z,2001,2001-Low Demand,Loss of Load,0
2016-11-30T23:00:00Z,2008,2008-High Demand,Loss of Load,0
2016-11-30T23:00:00Z,2010,2010-High Demand,Loss of Load,5.4569682106375694e-12
2016-11-30T23:00:00Z,2012,2012-Lost Load,Loss of Load,5.4569682106375694e-12
2016-12-01T00:00:00Z,1996,1996-Median Demand,Demand,44897
2016-12-01T00:00:00Z,2000,2000-Low Demand,Demand,41484
2016-12-01T00:00:00Z,2001,2001-Low Demand,Demand,38617
2016-12-01T00:00:00Z,2008,2008-High Demand,Demand,48003
2016-12-01T00:00:00Z,2010,2010-High Demand,Demand,52662
2016-12-01T00:00:00Z,2012,2012-Lost Load,Demand,50454
