Fuel,Location,id,OutputPower,ENTSOE,diff,abs_diff,label
Biomass,UK & Ireland,1990,7.630162425216452,18,NA,NA,NA
Biomass,UK & Ireland,1991,7.629564100675482,18,NA,NA,NA
Biomass,UK & Ireland,1992,7.628927761213686,18,NA,NA,NA
Biomass,UK & Ireland,1993,7.62468965557047,18,NA,NA,NA
Biomass,UK & Ireland,1994,7.624905919802136,18,NA,NA,NA
Biomass,UK & Ireland,1995,7.62494187387754,18,NA,NA,NA
Biomass,UK & Ireland,1996,7.6317169165993315,18,NA,NA,NA
Biomass,UK & Ireland,1997,7.631344780720791,18,NA,NA,NA
Biomass,UK & Ireland,1998,7.6144409293530995,18,NA,NA,NA
Biomass,UK & Ireland,1999,7.623079142251913,18,NA,NA,NA
Biomass,UK & Ireland,2000,7.626000117106227,18,NA,NA,NA
Biomass,UK & Ireland,2001,7.6273777119471,18,NA,NA,NA
Biomass,UK & Ireland,2002,7.628029144513034,18,NA,NA,NA
Biomass,UK & Ireland,2003,7.630196804736846,18,NA,NA,NA
Biomass,UK & Ireland,2004,7.626229219199367,18,NA,NA,NA
Biomass,UK & Ireland,2005,7.630562832793043,18,NA,NA,NA
Biomass,UK & Ireland,2006,7.6211960565729,18,NA,NA,NA
Biomass,UK & Ireland,2007,7.6216815418453034,18,NA,NA,NA
Biomass,UK & Ireland,2008,7.621605946908986,18,NA,NA,NA
Biomass,UK & Ireland,2009,7.6278382114609045,18,NA,NA,NA
Biomass,UK & Ireland,2010,7.6296918986279545,18,NA,NA,NA
Biomass,UK & Ireland,2011,7.624603743857682,18,NA,NA,NA
Biomass,UK & Ireland,2012,7.6300864826150825,18,NA,NA,NA
Biomass,UK & Ireland,2013,7.629985979305529,18,NA,NA,NA
Biomass,UK & Ireland,2014,7.6215726726394575,18,NA,NA,NA
Biomass,UK & Ireland,2015,7.629330258110624,18,0.5761483189938542,10.370669741889376,Biomass: 10.4 TWh
Biomass,CEE,1990,11.370536239374353,15.4,NA,NA,NA
Biomass,CEE,1991,11.370975840000002,15.4,NA,NA,NA
Biomass,CEE,1992,11.370831773318706,15.4,NA,NA,NA
Biomass,CEE,1993,11.369824722781416,15.4,NA,NA,NA
Biomass,CEE,1994,11.370672841383136,15.4,NA,NA,NA
Biomass,CEE,1995,11.369504090430578,15.4,NA,NA,NA
Biomass,CEE,1996,11.370679199837248,15.4,NA,NA,NA
Biomass,CEE,1997,11.370792471998145,15.4,NA,NA,NA
Biomass,CEE,1998,11.36964882974263,15.4,NA,NA,NA
Biomass,CEE,1999,11.36990698565009,15.4,NA,NA,NA
Biomass,CEE,2000,11.370528355410343,15.4,NA,NA,NA
Biomass,CEE,2001,11.367919580330016,15.4,NA,NA,NA
Biomass,CEE,2002,11.370087041134326,15.4,NA,NA,NA
Biomass,CEE,2003,11.370144078602118,15.4,NA,NA,NA
Biomass,CEE,2004,11.370165184000001,15.4,NA,NA,NA
Biomass,CEE,2005,11.370049699470663,15.4,NA,NA,NA
Biomass,CEE,2006,11.369788790901485,15.4,NA,NA,NA
Biomass,CEE,2007,11.369679418005532,15.4,NA,NA,NA
Biomass,CEE,2008,11.36950240642646,15.4,NA,NA,NA
Biomass,CEE,2009,11.370580836514616,15.4,NA,NA,NA
Biomass,CEE,2010,11.369295207050694,15.4,NA,NA,NA
Biomass,CEE,2011,11.370502863712229,15.4,NA,NA,NA
Biomass,CEE,2012,11.370791600000002,15.4,NA,NA,NA
Biomass,CEE,2013,11.37065680528619,15.4,NA,NA,NA
Biomass,CEE,2014,11.370754752,15.4,NA,NA,NA
Biomass,CEE,2015,11.370193204600124,15.4,NA,NA,NA
Biomass,CWE,1990,50.60836887336115,52.300000000000004,NA,NA,NA
Biomass,CWE,1991,50.5957929971457,52.300000000000004,NA,NA,NA
Biomass,CWE,1992,50.50610108974737,52.300000000000004,NA,NA,NA
Biomass,CWE,1993,50.559029506350996,52.300000000000004,NA,NA,NA
Biomass,CWE,1994,50.54846035522286,52.300000000000004,NA,NA,NA
Biomass,CWE,1995,50.546354410371684,52.300000000000004,NA,NA,NA
Biomass,CWE,1996,50.621227604863606,52.300000000000004,NA,NA,NA
Biomass,CWE,1997,50.61382990570439,52.300000000000004,NA,NA,NA
Biomass,CWE,1998,50.41665529933194,52.300000000000004,NA,NA,NA
Biomass,CWE,1999,50.58694775613097,52.300000000000004,NA,NA,NA
Biomass,CWE,2000,50.499384054206665,52.300000000000004,NA,NA,NA
Biomass,CWE,2001,50.51547508482849,52.300000000000004,NA,NA,NA
Biomass,CWE,2002,50.55433039186551,52.300000000000004,NA,NA,NA
Biomass,CWE,2003,50.55895406030964,52.300000000000004,NA,NA,NA
Biomass,CWE,2004,50.55412825236559,52.300000000000004,NA,NA,NA
Biomass,CWE,2005,50.56911518564905,52.300000000000004,NA,NA,NA
Biomass,CWE,2006,50.59802796422795,52.300000000000004,NA,NA,NA
Biomass,CWE,2007,50.43981979330305,52.300000000000004,NA,NA,NA
Biomass,CWE,2008,50.525018448463634,52.300000000000004,NA,NA,NA
Biomass,CWE,2009,50.53233422971669,52.300000000000004,NA,NA,NA
Biomass,CWE,2010,50.61766174757101,52.300000000000004,NA,NA,NA
Biomass,CWE,2011,50.54935469158498,52.300000000000004,NA,NA,NA
Biomass,CWE,2012,50.5564783988567,52.300000000000004,NA,NA,NA
Biomass,CWE,2013,50.61037619645853,52.300000000000004,NA,NA,NA
Biomass,CWE,2014,50.55235921634966,52.300000000000004,NA,NA,NA
Biomass,CWE,2015,50.59088157641332,52.300000000000004,NA,NA,NA
Biomass,Iberia,1990,5.184700138616285,6.1,NA,NA,NA
Biomass,Iberia,1991,5.132205534094328,6.1,NA,NA,NA
Biomass,Iberia,1992,5.169311862388954,6.1,NA,NA,NA
Biomass,Iberia,1993,5.135232958829054,6.1,NA,NA,NA
Biomass,Iberia,1994,5.077223809221153,6.1,NA,NA,NA
Biomass,Iberia,1995,5.083039615384317,6.1,NA,NA,NA
Biomass,Iberia,1996,5.077012820014389,6.1,NA,NA,NA
Biomass,Iberia,1997,5.151529886073543,6.1,NA,NA,NA
Biomass,Iberia,1998,5.105334698158617,6.1,NA,NA,NA
Biomass,Iberia,1999,5.104546695310733,6.1,NA,NA,NA
Biomass,Iberia,2000,5.071847076000001,6.1,NA,NA,NA
Biomass,Iberia,2001,4.994709884046319,6.1,NA,NA,NA
Biomass,Iberia,2002,5.120257015697364,6.1,NA,NA,NA
Biomass,Iberia,2003,5.072019965441656,6.1,NA,NA,NA
Biomass,Iberia,2004,5.160327052435415,6.1,NA,NA,NA
Biomass,Iberia,2005,5.185546560000001,6.1,NA,NA,NA
Biomass,Iberia,2006,5.134031796717461,6.1,NA,NA,NA
Biomass,Iberia,2007,5.153386003780764,6.1,NA,NA,NA
Biomass,Iberia,2008,5.155203752914515,6.1,NA,NA,NA
Biomass,Iberia,2009,5.114687898173599,6.1,NA,NA,NA
Biomass,Iberia,2010,5.068938973471997,6.1,NA,NA,NA
Biomass,Iberia,2011,5.165058089976575,6.1,NA,NA,NA
Biomass,Iberia,2012,5.157434369477007,6.1,NA,NA,NA
Biomass,Iberia,2013,5.10312079358875,6.1,NA,NA,NA
Biomass,Iberia,2014,5.084398132106945,6.1,NA,NA,NA
Biomass,Iberia,2015,5.18433201100421,6.1,NA,NA,NA
Biomass,Italy,1990,8.485344,16.4,NA,NA,NA
Biomass,Italy,1991,8.485344,16.4,NA,NA,NA
Biomass,Italy,1992,8.485344,16.4,NA,NA,NA
Biomass,Italy,1993,8.485344,16.4,NA,NA,NA
Biomass,Italy,1994,8.485344,16.4,NA,NA,NA
Biomass,Italy,1995,8.485344,16.4,NA,NA,NA
Biomass,Italy,1996,8.485344,16.4,NA,NA,NA
Biomass,Italy,1997,8.485344,16.4,NA,NA,NA
Biomass,Italy,1998,8.485344,16.4,NA,NA,NA
Biomass,Italy,1999,8.485344,16.4,NA,NA,NA
Biomass,Italy,2000,8.485344,16.4,NA,NA,NA
Biomass,Italy,2001,8.485344,16.4,NA,NA,NA
Biomass,Italy,2002,8.485344,16.4,NA,NA,NA
Biomass,Italy,2003,8.485344,16.4,NA,NA,NA
Biomass,Italy,2004,8.485344,16.4,NA,NA,NA
Biomass,Italy,2005,8.485344,16.4,NA,NA,NA
Biomass,Italy,2006,8.485344,16.4,NA,NA,NA
Biomass,Italy,2007,8.485344,16.4,NA,NA,NA
Biomass,Italy,2008,8.485344,16.4,NA,NA,NA
Biomass,Italy,2009,8.485344,16.4,NA,NA,NA
Biomass,Italy,2010,8.485344,16.4,NA,NA,NA
Biomass,Italy,2011,8.485344,16.4,NA,NA,NA
Biomass,Italy,2012,8.485344,16.4,NA,NA,NA
Biomass,Italy,2013,8.485344,16.4,NA,NA,NA
Biomass,Italy,2014,8.485344,16.4,NA,NA,NA
Biomass,Italy,2015,8.485344,16.4,0.48260097560975607,7.914655999999999,Biomass: 7.9 TWh
Biomass,Northern,1990,26.523665681168087,25.1,NA,NA,NA
Biomass,Northern,1991,26.33416625822721,25.1,NA,NA,NA
Biomass,Northern,1992,19.665608447869463,25.1,NA,NA,NA
Biomass,Northern,1993,18.20676491616191,25.1,NA,NA,NA
Biomass,Northern,1994,23.200524824846454,25.1,NA,NA,NA
Biomass,Northern,1995,19.55497764182359,25.1,NA,NA,NA
Biomass,Northern,1996,25.40024704464627,25.1,NA,NA,NA
Biomass,Northern,1997,20.288142708629792,25.1,NA,NA,NA
Biomass,Northern,1998,17.667612082240932,25.1,NA,NA,NA
Biomass,Northern,1999,19.640446986069495,25.1,NA,NA,NA
Biomass,Northern,2000,14.217821486087498,25.1,NA,NA,NA
Biomass,Northern,2001,17.50825582686772,25.1,NA,NA,NA
Biomass,Northern,2002,21.039429440821614,25.1,NA,NA,NA
Biomass,Northern,2003,21.915726733459838,25.1,NA,NA,NA
Biomass,Northern,2004,19.49759953827033,25.1,NA,NA,NA
Biomass,Northern,2005,17.347326072405313,25.1,NA,NA,NA
Biomass,Northern,2006,22.305851845991487,25.1,NA,NA,NA
Biomass,Northern,2007,18.22581335617247,25.1,NA,NA,NA
Biomass,Northern,2008,19.456001683757815,25.1,NA,NA,NA
Biomass,Northern,2009,20.539365586044802,25.1,NA,NA,NA
Biomass,Northern,2010,24.169444479867806,25.1,NA,NA,NA
Biomass,Northern,2011,16.154184254100926,25.1,NA,NA,NA
Biomass,Northern,2012,18.11572162552648,25.1,NA,NA,NA
Biomass,Northern,2013,20.957808839321487,25.1,NA,NA,NA
Biomass,Northern,2014,22.04220556535547,25.1,NA,NA,NA
Biomass,Northern,2015,14.52076529724261,25.1,0.4214834542931231,10.579234702757391,Biomass: 10.6 TWh
Biomass,SEE,1990,0.70272,0.9,NA,NA,NA
Biomass,SEE,1991,0.70272,0.9,NA,NA,NA
Biomass,SEE,1992,0.70272,0.9,NA,NA,NA
Biomass,SEE,1993,0.70272,0.9,NA,NA,NA
Biomass,SEE,1994,0.70272,0.9,NA,NA,NA
Biomass,SEE,1995,0.70272,0.9,NA,NA,NA
Biomass,SEE,1996,0.70272,0.9,NA,NA,NA
Biomass,SEE,1997,0.70272,0.9,NA,NA,NA
Biomass,SEE,1998,0.70272,0.9,NA,NA,NA
Biomass,SEE,1999,0.7026414275035796,0.9,NA,NA,NA
Biomass,SEE,2000,0.70272,0.9,NA,NA,NA
Biomass,SEE,2001,0.7027107090202123,0.9,NA,NA,NA
Biomass,SEE,2002,0.70272,0.9,NA,NA,NA
Biomass,SEE,2003,0.70272,0.9,NA,NA,NA
Biomass,SEE,2004,0.70272,0.9,NA,NA,NA
Biomass,SEE,2005,0.70272,0.9,NA,NA,NA
Biomass,SEE,2006,0.70272,0.9,NA,NA,NA
Biomass,SEE,2007,0.70272,0.9,NA,NA,NA
Biomass,SEE,2008,0.7027158569988528,0.9,NA,NA,NA
Biomass,SEE,2009,0.70272,0.9,NA,NA,NA
Biomass,SEE,2010,0.702637056,0.9,NA,NA,NA
Biomass,SEE,2011,0.70272,0.9,NA,NA,NA
Biomass,SEE,2012,0.70272,0.9,NA,NA,NA
Biomass,SEE,2013,0.70272,0.9,NA,NA,NA
Biomass,SEE,2014,0.70272,0.9,NA,NA,NA
Biomass,SEE,2015,0.70272,0.9,NA,NA,NA
Gas,UK & Ireland,1990,152.564563904261,164.29999999999998,NA,NA,NA
Gas,UK & Ireland,1991,169.44141582034504,164.29999999999998,NA,NA,NA
Gas,UK & Ireland,1992,163.06096361310202,164.29999999999998,NA,NA,NA
Gas,UK & Ireland,1993,166.41389351553224,164.29999999999998,NA,NA,NA
Gas,UK & Ireland,1994,159.3666309619392,164.29999999999998,NA,NA,NA
Gas,UK & Ireland,1995,161.73302827101867,164.29999999999998,NA,NA,NA
Gas,UK & Ireland,1996,173.73508766715858,164.29999999999998,NA,NA,NA
Gas,UK & Ireland,1997,168.17682562113967,164.29999999999998,NA,NA,NA
Gas,UK & Ireland,1998,163.51518823691393,164.29999999999998,NA,NA,NA
Gas,UK & Ireland,1999,160.3211457597632,164.29999999999998,NA,NA,NA
Gas,UK & Ireland,2000,157.5943375420106,164.29999999999998,NA,NA,NA
Gas,UK & Ireland,2001,172.57141206802947,164.29999999999998,NA,NA,NA
Gas,UK & Ireland,2002,148.86241002707416,164.29999999999998,NA,NA,NA
Gas,UK & Ireland,2003,174.91611987831496,164.29999999999998,NA,NA,NA
Gas,UK & Ireland,2004,160.0946537347828,164.29999999999998,NA,NA,NA
Gas,UK & Ireland,2005,160.62472541365537,164.29999999999998,NA,NA,NA
Gas,UK & Ireland,2006,163.69536448120166,164.29999999999998,NA,NA,NA
Gas,UK & Ireland,2007,162.54248460999182,164.29999999999998,NA,NA,NA
Gas,UK & Ireland,2008,160.68813436392878,164.29999999999998,NA,NA,NA
Gas,UK & Ireland,2009,173.86176674645094,164.29999999999998,NA,NA,NA
Gas,UK & Ireland,2010,189.93906430347678,164.29999999999998,NA,NA,NA
Gas,UK & Ireland,2011,161.31185342614506,164.29999999999998,NA,NA,NA
Gas,UK & Ireland,2012,168.7263496955656,164.29999999999998,NA,NA,NA
Gas,UK & Ireland,2013,162.84649670961375,164.29999999999998,NA,NA,NA
Gas,UK & Ireland,2014,155.55132127312635,164.29999999999998,NA,NA,NA
Gas,UK & Ireland,2015,162.7538907922732,164.29999999999998,NA,NA,NA
Gas,CEE,1990,17.65106979413463,28.1,NA,NA,NA
Gas,CEE,1991,17.665738879567357,28.1,NA,NA,NA
Gas,CEE,1992,15.524653413455638,28.1,NA,NA,NA
Gas,CEE,1993,16.136652358844685,28.1,NA,NA,NA
Gas,CEE,1994,14.920980441604835,28.1,NA,NA,NA
Gas,CEE,1995,15.431361223329649,28.1,NA,NA,NA
Gas,CEE,1996,16.764409136589958,28.1,NA,NA,NA
Gas,CEE,1997,16.37910531182742,28.1,NA,NA,NA
Gas,CEE,1998,15.107642746433553,28.1,NA,NA,NA
Gas,CEE,1999,13.195335012420543,28.1,NA,NA,NA
Gas,CEE,2000,14.548605191805802,28.1,NA,NA,NA
Gas,CEE,2001,15.99633977561466,28.1,NA,NA,NA
Gas,CEE,2002,14.564803432614703,28.1,NA,NA,NA
Gas,CEE,2003,17.56864261806858,28.1,NA,NA,NA
Gas,CEE,2004,14.681356491334977,28.1,NA,NA,NA
Gas,CEE,2005,15.417170745365457,28.1,NA,NA,NA
Gas,CEE,2006,15.02563983251777,28.1,NA,NA,NA
Gas,CEE,2007,15.294057736841166,28.1,NA,NA,NA
Gas,CEE,2008,14.618032947900128,28.1,NA,NA,NA
Gas,CEE,2009,14.784931486751763,28.1,NA,NA,NA
Gas,CEE,2010,14.911652857063773,28.1,NA,NA,NA
Gas,CEE,2011,16.02170643669954,28.1,NA,NA,NA
Gas,CEE,2012,15.577483613056499,28.1,NA,NA,NA
Gas,CEE,2013,15.083519447470708,28.1,NA,NA,NA
Gas,CEE,2014,14.934727870356902,28.1,NA,NA,NA
Gas,CEE,2015,14.578706919776376,28.1,0.4811848071253959,13.521293080223625,Gas: 13.5 TWh
Gas,CWE,1990,188.8807218135631,235.29999999999998,NA,NA,NA
Gas,CWE,1991,202.08170467625996,235.29999999999998,NA,NA,NA
Gas,CWE,1992,175.03590798458808,235.29999999999998,NA,NA,NA
Gas,CWE,1993,183.10493974918953,235.29999999999998,NA,NA,NA
Gas,CWE,1994,169.03762657039283,235.29999999999998,NA,NA,NA
Gas,CWE,1995,177.9412388358146,235.29999999999998,NA,NA,NA
Gas,CWE,1996,207.90079604516856,235.29999999999998,NA,NA,NA
Gas,CWE,1997,182.46477843271944,235.29999999999998,NA,NA,NA
Gas,CWE,1998,173.68172100030685,235.29999999999998,NA,NA,NA
Gas,CWE,1999,163.76719905206176,235.29999999999998,NA,NA,NA
Gas,CWE,2000,161.1794833371438,235.29999999999998,NA,NA,NA
Gas,CWE,2001,177.66769570787656,235.29999999999998,NA,NA,NA
Gas,CWE,2002,174.14615903655584,235.29999999999998,NA,NA,NA
Gas,CWE,2003,208.73755785829314,235.29999999999998,NA,NA,NA
Gas,CWE,2004,183.89642940783014,235.29999999999998,NA,NA,NA
Gas,CWE,2005,190.036121593584,235.29999999999998,NA,NA,NA
Gas,CWE,2006,197.8123113042116,235.29999999999998,NA,NA,NA
Gas,CWE,2007,171.24662198979888,235.29999999999998,NA,NA,NA
Gas,CWE,2008,176.39352919497583,235.29999999999998,NA,NA,NA
Gas,CWE,2009,182.17036125678695,235.29999999999998,NA,NA,NA
Gas,CWE,2010,201.01904693270646,235.29999999999998,NA,NA,NA
Gas,CWE,2011,181.51658051383887,235.29999999999998,NA,NA,NA
Gas,CWE,2012,186.69012440155774,235.29999999999998,NA,NA,NA
Gas,CWE,2013,199.10721335678863,235.29999999999998,NA,NA,NA
Gas,CWE,2014,165.55025652357253,235.29999999999998,NA,NA,NA
Gas,CWE,2015,169.3631088240588,235.29999999999998,NA,NA,NA
Gas,Iberia,1990,52.03329593846907,63.1,NA,NA,NA
Gas,Iberia,1991,52.13297150311383,63.1,NA,NA,NA
Gas,Iberia,1992,50.20243668849604,63.1,NA,NA,NA
Gas,Iberia,1993,48.79403300407425,63.1,NA,NA,NA
Gas,Iberia,1994,46.11866626279523,63.1,NA,NA,NA
Gas,Iberia,1995,49.23094765684935,63.1,NA,NA,NA
Gas,Iberia,1996,46.450123230591956,63.1,NA,NA,NA
Gas,Iberia,1997,42.89699422345963,63.1,NA,NA,NA
Gas,Iberia,1998,50.7327296337891,63.1,NA,NA,NA
Gas,Iberia,1999,45.48957292857065,63.1,NA,NA,NA
Gas,Iberia,2000,46.41330902394246,63.1,NA,NA,NA
Gas,Iberia,2001,46.64879635741711,63.1,NA,NA,NA
Gas,Iberia,2002,45.976969028638585,63.1,NA,NA,NA
Gas,Iberia,2003,48.63798046945618,63.1,NA,NA,NA
Gas,Iberia,2004,52.60443076718601,63.1,NA,NA,NA
Gas,Iberia,2005,58.25949614369184,63.1,NA,NA,NA
Gas,Iberia,2006,55.58214467135815,63.1,NA,NA,NA
Gas,Iberia,2007,51.824321642454336,63.1,NA,NA,NA
Gas,Iberia,2008,51.230228300598334,63.1,NA,NA,NA
Gas,Iberia,2009,53.522873289088345,63.1,NA,NA,NA
Gas,Iberia,2010,47.634830365159985,63.1,NA,NA,NA
Gas,Iberia,2011,53.60587456865865,63.1,NA,NA,NA
Gas,Iberia,2012,55.997145502297826,63.1,NA,NA,NA
Gas,Iberia,2013,45.729301039308034,63.1,NA,NA,NA
Gas,Iberia,2014,42.64231026287737,63.1,NA,NA,NA
Gas,Iberia,2015,51.26002517805988,63.1,NA,NA,NA
Gas,Italy,1990,91.28557903007868,107.2,NA,NA,NA
Gas,Italy,1991,93.98460450088236,107.2,NA,NA,NA
Gas,Italy,1992,84.4493899999963,107.2,NA,NA,NA
Gas,Italy,1993,88.12776519650322,107.2,NA,NA,NA
Gas,Italy,1994,80.58603841315387,107.2,NA,NA,NA
Gas,Italy,1995,84.38168634159555,107.2,NA,NA,NA
Gas,Italy,1996,89.382365651203,107.2,NA,NA,NA
Gas,Italy,1997,84.91295453248689,107.2,NA,NA,NA
Gas,Italy,1998,89.3236768092134,107.2,NA,NA,NA
Gas,Italy,1999,82.949178192889,107.2,NA,NA,NA
Gas,Italy,2000,78.35386207637454,107.2,NA,NA,NA
Gas,Italy,2001,79.59838607594756,107.2,NA,NA,NA
Gas,Italy,2002,78.43155237343431,107.2,NA,NA,NA
Gas,Italy,2003,97.82812851371622,107.2,NA,NA,NA
Gas,Italy,2004,89.17296924809942,107.2,NA,NA,NA
Gas,Italy,2005,100.23142512544456,107.2,NA,NA,NA
Gas,Italy,2006,93.74967610848569,107.2,NA,NA,NA
Gas,Italy,2007,89.83747472516102,107.2,NA,NA,NA
Gas,Italy,2008,86.24167097536507,107.2,NA,NA,NA
Gas,Italy,2009,90.12794250441425,107.2,NA,NA,NA
Gas,Italy,2010,93.2065779639517,107.2,NA,NA,NA
Gas,Italy,2011,88.7932274692233,107.2,NA,NA,NA
Gas,Italy,2012,96.66153307058342,107.2,NA,NA,NA
Gas,Italy,2013,89.56779412665124,107.2,NA,NA,NA
Gas,Italy,2014,77.08910694280644,107.2,NA,NA,NA
Gas,Italy,2015,92.66667356691066,107.2,NA,NA,NA
Gas,Northern,1990,15.008827995692894,15.3,NA,NA,NA
Gas,Northern,1991,17.997530473197358,15.3,NA,NA,NA
Gas,Northern,1992,11.462028795377114,15.3,NA,NA,NA
Gas,Northern,1993,12.582842033074618,15.3,NA,NA,NA
Gas,Northern,1994,15.48058855426438,15.3,NA,NA,NA
Gas,Northern,1995,13.45082444596378,15.3,NA,NA,NA
Gas,Northern,1996,22.273221049901046,15.3,NA,NA,NA
Gas,Northern,1997,15.043463114233921,15.3,NA,NA,NA
Gas,Northern,1998,12.001776648422851,15.3,NA,NA,NA
Gas,Northern,1999,11.302179545229912,15.3,NA,NA,NA
Gas,Northern,2000,9.865702696610956,15.3,NA,NA,NA
Gas,Northern,2001,12.029134112053189,15.3,NA,NA,NA
Gas,Northern,2002,13.737728096121057,15.3,NA,NA,NA
Gas,Northern,2003,14.699794924391972,15.3,NA,NA,NA
Gas,Northern,2004,12.727202680828178,15.3,NA,NA,NA
Gas,Northern,2005,10.991417906415368,15.3,NA,NA,NA
Gas,Northern,2006,16.46914817330871,15.3,NA,NA,NA
Gas,Northern,2007,9.995717480202103,15.3,NA,NA,NA
Gas,Northern,2008,12.061018252007194,15.3,NA,NA,NA
Gas,Northern,2009,15.21023777818694,15.3,NA,NA,NA
Gas,Northern,2010,21.628198631484405,15.3,NA,NA,NA
Gas,Northern,2011,11.889403969736287,15.3,NA,NA,NA
Gas,Northern,2012,12.198695100059888,15.3,NA,NA,NA
Gas,Northern,2013,16.69006508902015,15.3,NA,NA,NA
Gas,Northern,2014,15.92638670784347,15.3,NA,NA,NA
Gas,Northern,2015,9.338404266012013,15.3,0.3896467799992149,5.961595733987988,Gas: 6.0 TWh
Gas,SEE,1990,6.095215628625577,16.6,NA,NA,NA
Gas,SEE,1991,6.32589236592475,16.6,NA,NA,NA
Gas,SEE,1992,6.3580718244768475,16.6,NA,NA,NA
Gas,SEE,1993,6.534760082305108,16.6,NA,NA,NA
Gas,SEE,1994,5.370752093970345,16.6,NA,NA,NA
Gas,SEE,1995,5.485690095831698,16.6,NA,NA,NA
Gas,SEE,1996,5.344634751514683,16.6,NA,NA,NA
Gas,SEE,1997,5.418390587951622,16.6,NA,NA,NA
Gas,SEE,1998,5.522019160943378,16.6,NA,NA,NA
Gas,SEE,1999,4.8827341305032785,16.6,NA,NA,NA
Gas,SEE,2000,5.221725568340526,16.6,NA,NA,NA
Gas,SEE,2001,6.372156463682192,16.6,NA,NA,NA
Gas,SEE,2002,5.035160877679687,16.6,NA,NA,NA
Gas,SEE,2003,6.079421344049302,16.6,NA,NA,NA
Gas,SEE,2004,4.2639028300687984,16.6,NA,NA,NA
Gas,SEE,2005,4.72854414818488,16.6,NA,NA,NA
Gas,SEE,2006,4.71673281309309,16.6,NA,NA,NA
Gas,SEE,2007,5.426162960664553,16.6,NA,NA,NA
Gas,SEE,2008,4.77905336286641,16.6,NA,NA,NA
Gas,SEE,2009,4.093086211532891,16.6,NA,NA,NA
Gas,SEE,2010,3.8584071403416487,16.6,NA,NA,NA
Gas,SEE,2011,6.035450952568602,16.6,NA,NA,NA
Gas,SEE,2012,5.645268728119496,16.6,NA,NA,NA
Gas,SEE,2013,4.191832176306079,16.6,NA,NA,NA
Gas,SEE,2014,3.745655956110539,16.6,NA,NA,NA
Gas,SEE,2015,4.498677474831056,16.6,0.7289953328415028,12.101322525168946,Gas: 12.1 TWh
Hydro,UK & Ireland,1990,7.595672905983273,8.2,NA,NA,NA
Hydro,UK & Ireland,1991,7.257621737688431,8.2,NA,NA,NA
Hydro,UK & Ireland,1992,7.740553524632112,8.2,NA,NA,NA
Hydro,UK & Ireland,1993,7.668717140150871,8.2,NA,NA,NA
Hydro,UK & Ireland,1994,7.91748931963613,8.2,NA,NA,NA
Hydro,UK & Ireland,1995,7.651883452649139,8.2,NA,NA,NA
Hydro,UK & Ireland,1996,7.448501378196338,8.2,NA,NA,NA
Hydro,UK & Ireland,1997,7.254117566135558,8.2,NA,NA,NA
Hydro,UK & Ireland,1998,8.318167750560354,8.2,NA,NA,NA
Hydro,UK & Ireland,1999,8.466466589242936,8.2,NA,NA,NA
Hydro,UK & Ireland,2000,9.034407754295735,8.2,NA,NA,NA
Hydro,UK & Ireland,2001,7.750480011930365,8.2,NA,NA,NA
Hydro,UK & Ireland,2002,8.583931554845323,8.2,NA,NA,NA
Hydro,UK & Ireland,2003,7.432957396601069,8.2,NA,NA,NA
Hydro,UK & Ireland,2004,8.479249063104229,8.2,NA,NA,NA
Hydro,UK & Ireland,2005,8.230897586119383,8.2,NA,NA,NA
Hydro,UK & Ireland,2006,8.295107446704929,8.2,NA,NA,NA
Hydro,UK & Ireland,2007,8.659043485078563,8.2,NA,NA,NA
Hydro,UK & Ireland,2008,9.12045836001299,8.2,NA,NA,NA
Hydro,UK & Ireland,2009,8.890841971444337,8.2,NA,NA,NA
Hydro,UK & Ireland,2010,7.734106624166834,8.2,NA,NA,NA
Hydro,UK & Ireland,2011,8.319294104837562,8.2,NA,NA,NA
Hydro,UK & Ireland,2012,8.968583370306726,8.2,NA,NA,NA
Hydro,UK & Ireland,2013,8.54898577888027,8.2,NA,NA,NA
Hydro,UK & Ireland,2014,9.484356591746879,8.2,NA,NA,NA
Hydro,UK & Ireland,2015,9.350472331236947,8.2,NA,NA,NA
Hydro,CEE,1990,38.15953472512324,31.400000000000002,NA,NA,NA
Hydro,CEE,1991,39.56696252395257,31.400000000000002,NA,NA,NA
Hydro,CEE,1992,38.061558928082405,31.400000000000002,NA,NA,NA
Hydro,CEE,1993,39.25683163826347,31.400000000000002,NA,NA,NA
Hydro,CEE,1994,40.78744192096209,31.400000000000002,NA,NA,NA
Hydro,CEE,1995,44.03814156176399,31.400000000000002,NA,NA,NA
Hydro,CEE,1996,45.62171774178902,31.400000000000002,NA,NA,NA
Hydro,CEE,1997,45.215388295449124,31.400000000000002,NA,NA,NA
Hydro,CEE,1998,45.418554165066944,31.400000000000002,NA,NA,NA
Hydro,CEE,1999,47.12170508546529,31.400000000000002,NA,NA,NA
Hydro,CEE,2000,42.57627403923222,31.400000000000002,NA,NA,NA
Hydro,CEE,2001,41.44958045441384,31.400000000000002,NA,NA,NA
Hydro,CEE,2002,43.79015855574998,31.400000000000002,NA,NA,NA
Hydro,CEE,2003,42.078270816430496,31.400000000000002,NA,NA,NA
Hydro,CEE,2004,45.851807410075196,31.400000000000002,NA,NA,NA
Hydro,CEE,2005,47.284522077065006,31.400000000000002,NA,NA,NA
Hydro,CEE,2006,45.81944954177914,31.400000000000002,NA,NA,NA
Hydro,CEE,2007,41.45906668662758,31.400000000000002,NA,NA,NA
Hydro,CEE,2008,44.57852288762292,31.400000000000002,NA,NA,NA
Hydro,CEE,2009,44.28414664539861,31.400000000000002,NA,NA,NA
Hydro,CEE,2010,49.9711954538912,31.400000000000002,NA,NA,NA
Hydro,CEE,2011,42.21515213458211,31.400000000000002,NA,NA,NA
Hydro,CEE,2012,42.3699635475153,31.400000000000002,NA,NA,NA
Hydro,CEE,2013,46.15937729248637,31.400000000000002,NA,NA,NA
Hydro,CEE,2014,37.731717084697664,31.400000000000002,NA,NA,NA
Hydro,CEE,2015,45.15921847488077,31.400000000000002,0.4381916711745466,13.759218474880765,Hydro: 13.8 TWh
Hydro,CWE,1990,162.66311973876867,134.6,NA,NA,NA
Hydro,CWE,1991,165.03708126706175,134.6,NA,NA,NA
Hydro,CWE,1992,176.12626766539347,134.6,NA,NA,NA
Hydro,CWE,1993,173.3517893003065,134.6,NA,NA,NA
Hydro,CWE,1994,188.49044106120687,134.6,NA,NA,NA
Hydro,CWE,1995,179.5665663302046,134.6,NA,NA,NA
Hydro,CWE,1996,174.6456911524616,134.6,NA,NA,NA
Hydro,CWE,1997,174.68890755333356,134.6,NA,NA,NA
Hydro,CWE,1998,180.79039626533958,134.6,NA,NA,NA
Hydro,CWE,1999,189.80308491176754,134.6,NA,NA,NA
Hydro,CWE,2000,188.36494284865245,134.6,NA,NA,NA
Hydro,CWE,2001,189.4640569768023,134.6,NA,NA,NA
Hydro,CWE,2002,181.3564433592817,134.6,NA,NA,NA
Hydro,CWE,2003,166.4199063260679,134.6,NA,NA,NA
Hydro,CWE,2004,174.38086192495382,134.6,NA,NA,NA
Hydro,CWE,2005,164.4406082220392,134.6,NA,NA,NA
Hydro,CWE,2006,173.54337059329293,134.6,NA,NA,NA
Hydro,CWE,2007,174.0967544262016,134.6,NA,NA,NA
Hydro,CWE,2008,182.42576831868936,134.6,NA,NA,NA
Hydro,CWE,2009,176.7398088231525,134.6,NA,NA,NA
Hydro,CWE,2010,179.19703295177658,134.6,NA,NA,NA
Hydro,CWE,2011,162.03499734215208,134.6,NA,NA,NA
Hydro,CWE,2012,185.16719545547693,134.6,NA,NA,NA
Hydro,CWE,2013,196.94736976604273,134.6,NA,NA,NA
Hydro,CWE,2014,186.41905309728267,134.6,NA,NA,NA
Hydro,CWE,2015,171.23654898321402,134.6,NA,NA,NA
Hydro,Iberia,1990,44.85514083108655,51.199999999999996,NA,NA,NA
Hydro,Iberia,1991,54.343915884513436,51.199999999999996,NA,NA,NA
Hydro,Iberia,1992,40.091814769935,51.199999999999996,NA,NA,NA
Hydro,Iberia,1993,47.59958686950367,51.199999999999996,NA,NA,NA
Hydro,Iberia,1994,49.96738773750555,51.199999999999996,NA,NA,NA
Hydro,Iberia,1995,46.740856430464426,51.199999999999996,NA,NA,NA
Hydro,Iberia,1996,72.1811893638106,51.199999999999996,NA,NA,NA
Hydro,Iberia,1997,64.96848649554143,51.199999999999996,NA,NA,NA
Hydro,Iberia,1998,52.988054895839376,51.199999999999996,NA,NA,NA
Hydro,Iberia,1999,48.027531255405954,51.199999999999996,NA,NA,NA
Hydro,Iberia,2000,54.92337568875979,51.199999999999996,NA,NA,NA
Hydro,Iberia,2001,63.66715959832536,51.199999999999996,NA,NA,NA
Hydro,Iberia,2002,52.42052697049173,51.199999999999996,NA,NA,NA
Hydro,Iberia,2003,66.05856887906374,51.199999999999996,NA,NA,NA
Hydro,Iberia,2004,48.333885323986486,51.199999999999996,NA,NA,NA
Hydro,Iberia,2005,34.788658409353864,51.199999999999996,NA,NA,NA
Hydro,Iberia,2006,54.49927774074645,51.199999999999996,NA,NA,NA
Hydro,Iberia,2007,44.49794490788941,51.199999999999996,NA,NA,NA
Hydro,Iberia,2008,45.25124656635762,51.199999999999996,NA,NA,NA
Hydro,Iberia,2009,49.86746767807424,51.199999999999996,NA,NA,NA
Hydro,Iberia,2010,74.87075193537247,51.199999999999996,NA,NA,NA
Hydro,Iberia,2011,50.18049105695346,51.199999999999996,NA,NA,NA
Hydro,Iberia,2012,35.263544046060694,51.199999999999996,NA,NA,NA
Hydro,Iberia,2013,67.92193248640072,51.199999999999996,NA,NA,NA
Hydro,Iberia,2014,68.47997803472649,51.199999999999996,NA,NA,NA
Hydro,Iberia,2015,44.54083954104461,51.199999999999996,NA,NA,NA
Hydro,Italy,1990,54.44699301816581,41,NA,NA,NA
Hydro,Italy,1991,57.61808868401555,41,NA,NA,NA
Hydro,Italy,1992,60.43034841497297,41,NA,NA,NA
Hydro,Italy,1993,58.03412316776338,41,NA,NA,NA
Hydro,Italy,1994,60.723526121469426,41,NA,NA,NA
Hydro,Italy,1995,56.68258849166339,41,NA,NA,NA
Hydro,Italy,1996,56.089572762860676,41,NA,NA,NA
Hydro,Italy,1997,56.602203201028686,41,NA,NA,NA
Hydro,Italy,1998,57.72285427844844,41,NA,NA,NA
Hydro,Italy,1999,58.88846903865649,41,NA,NA,NA
Hydro,Italy,2000,60.96680730514629,41,NA,NA,NA
Hydro,Italy,2001,62.6442212482879,41,NA,NA,NA
Hydro,Italy,2002,60.40505199065202,41,NA,NA,NA
Hydro,Italy,2003,53.29665548489956,41,NA,NA,NA
Hydro,Italy,2004,57.357546072579545,41,NA,NA,NA
Hydro,Italy,2005,53.570779749550304,41,NA,NA,NA
Hydro,Italy,2006,56.245297877495574,41,NA,NA,NA
Hydro,Italy,2007,54.94831229071936,41,NA,NA,NA
Hydro,Italy,2008,58.92959933380682,41,NA,NA,NA
Hydro,Italy,2009,57.149267013456424,41,NA,NA,NA
Hydro,Italy,2010,58.70525698092375,41,NA,NA,NA
Hydro,Italy,2011,55.6961079799231,41,NA,NA,NA
Hydro,Italy,2012,52.60782374603243,41,NA,NA,NA
Hydro,Italy,2013,60.082756713845455,41,NA,NA,NA
Hydro,Italy,2014,64.17601971680963,41,NA,NA,NA
Hydro,Italy,2015,54.4078561214803,41,0.3270208810117146,13.4078561214803,Hydro: 13.4 TWh
Hydro,Northern,1990,234.67238464865696,223.1,NA,NA,NA
Hydro,Northern,1991,225.08060803522883,223.1,NA,NA,NA
Hydro,Northern,1992,278.402448245282,223.1,NA,NA,NA
Hydro,Northern,1993,288.1844216432649,223.1,NA,NA,NA
Hydro,Northern,1994,246.59384470298335,223.1,NA,NA,NA
Hydro,Northern,1995,269.75645870300076,223.1,NA,NA,NA
Hydro,Northern,1996,218.05645796185297,223.1,NA,NA,NA
Hydro,Northern,1997,264.31752888916134,223.1,NA,NA,NA
Hydro,Northern,1998,286.1356773804736,223.1,NA,NA,NA
Hydro,Northern,1999,278.3006961167253,223.1,NA,NA,NA
Hydro,Northern,2000,305.6299652281791,223.1,NA,NA,NA
Hydro,Northern,2001,290.6074200210178,223.1,NA,NA,NA
Hydro,Northern,2002,270.59896027878307,223.1,NA,NA,NA
Hydro,Northern,2003,255.75258451751597,223.1,NA,NA,NA
Hydro,Northern,2004,270.13375370462524,223.1,NA,NA,NA
Hydro,Northern,2005,287.7195456011751,223.1,NA,NA,NA
Hydro,Northern,2006,246.21775564215986,223.1,NA,NA,NA
Hydro,Northern,2007,285.23049539411267,223.1,NA,NA,NA
Hydro,Northern,2008,263.22888228708143,223.1,NA,NA,NA
Hydro,Northern,2009,253.34037681142775,223.1,NA,NA,NA
Hydro,Northern,2010,225.11651708977564,223.1,NA,NA,NA
Hydro,Northern,2011,282.6549237906098,223.1,NA,NA,NA
Hydro,Northern,2012,281.17497288714776,223.1,NA,NA,NA
Hydro,Northern,2013,250.80294547683116,223.1,NA,NA,NA
Hydro,Northern,2014,251.02035679550175,223.1,NA,NA,NA
Hydro,Northern,2015,290.9523533128987,223.1,0.3041342595826926,67.85235331289871,Hydro: 67.9 TWh
Hydro,SEE,1990,34.38309678665592,34.6,NA,NA,NA
Hydro,SEE,1991,36.81461451958132,34.6,NA,NA,NA
Hydro,SEE,1992,34.67465326858728,34.6,NA,NA,NA
Hydro,SEE,1993,34.75059979668759,34.6,NA,NA,NA
Hydro,SEE,1994,37.37799891658749,34.6,NA,NA,NA
Hydro,SEE,1995,39.864931454217455,34.6,NA,NA,NA
Hydro,SEE,1996,41.4305000648965,34.6,NA,NA,NA
Hydro,SEE,1997,38.66104711236966,34.6,NA,NA,NA
Hydro,SEE,1998,39.14768563326331,34.6,NA,NA,NA
Hydro,SEE,1999,40.851953806190664,34.6,NA,NA,NA
Hydro,SEE,2000,38.239213855431395,34.6,NA,NA,NA
Hydro,SEE,2001,37.47553992975535,34.6,NA,NA,NA
Hydro,SEE,2002,40.20467430155734,34.6,NA,NA,NA
Hydro,SEE,2003,39.583544873721365,34.6,NA,NA,NA
Hydro,SEE,2004,42.76995590763543,34.6,NA,NA,NA
Hydro,SEE,2005,43.168421421859044,34.6,NA,NA,NA
Hydro,SEE,2006,43.39972114479675,34.6,NA,NA,NA
Hydro,SEE,2007,39.16131482105486,34.6,NA,NA,NA
Hydro,SEE,2008,40.64668171935247,34.6,NA,NA,NA
Hydro,SEE,2009,43.808814588575366,34.6,NA,NA,NA
Hydro,SEE,2010,49.32414827811138,34.6,NA,NA,NA
Hydro,SEE,2011,37.09122591029325,34.6,NA,NA,NA
Hydro,SEE,2012,40.1326707957334,34.6,NA,NA,NA
Hydro,SEE,2013,45.12490191108289,34.6,NA,NA,NA
Hydro,SEE,2014,46.906192877950126,34.6,NA,NA,NA
Hydro,SEE,2015,42.07963927967843,34.6,NA,NA,NA
Nuclear,UK & Ireland,1990,73.75907776720001,66.8,NA,NA,NA
Nuclear,UK & Ireland,1991,73.75893207887007,66.8,NA,NA,NA
Nuclear,UK & Ireland,1992,73.75892509102516,66.8,NA,NA,NA
Nuclear,UK & Ireland,1993,73.75086889738454,66.8,NA,NA,NA
Nuclear,UK & Ireland,1994,73.74688593669157,66.8,NA,NA,NA
Nuclear,UK & Ireland,1995,73.75907776720001,66.8,NA,NA,NA
Nuclear,UK & Ireland,1996,73.75907776720001,66.8,NA,NA,NA
Nuclear,UK & Ireland,1997,73.75907776720001,66.8,NA,NA,NA
Nuclear,UK & Ireland,1998,73.74673099245913,66.8,NA,NA,NA
Nuclear,UK & Ireland,1999,73.74293679555653,66.8,NA,NA,NA
Nuclear,UK & Ireland,2000,73.75533703823251,66.8,NA,NA,NA
Nuclear,UK & Ireland,2001,73.75323517968131,66.8,NA,NA,NA
Nuclear,UK & Ireland,2002,73.75825312709335,66.8,NA,NA,NA
Nuclear,UK & Ireland,2003,73.75682280445108,66.8,NA,NA,NA
Nuclear,UK & Ireland,2004,73.75067230932356,66.8,NA,NA,NA
Nuclear,UK & Ireland,2005,73.75907776720001,66.8,NA,NA,NA
Nuclear,UK & Ireland,2006,73.74483550618726,66.8,NA,NA,NA
Nuclear,UK & Ireland,2007,73.75349203464972,66.8,NA,NA,NA
Nuclear,UK & Ireland,2008,73.75002093045636,66.8,NA,NA,NA
Nuclear,UK & Ireland,2009,73.75907776720001,66.8,NA,NA,NA
Nuclear,UK & Ireland,2010,73.7585089122057,66.8,NA,NA,NA
Nuclear,UK & Ireland,2011,73.75633072063872,66.8,NA,NA,NA
Nuclear,UK & Ireland,2012,73.75907776720001,66.8,NA,NA,NA
Nuclear,UK & Ireland,2013,73.7587926833447,66.8,NA,NA,NA
Nuclear,UK & Ireland,2014,73.75571131871935,66.8,NA,NA,NA
Nuclear,UK & Ireland,2015,73.75901134731872,66.8,NA,NA,NA
Nuclear,CEE,1990,71.90550007181876,67.4,NA,NA,NA
Nuclear,CEE,1991,71.90631575030001,67.4,NA,NA,NA
Nuclear,CEE,1992,71.90618470034168,67.4,NA,NA,NA
Nuclear,CEE,1993,71.89598671495541,67.4,NA,NA,NA
Nuclear,CEE,1994,71.90560798988301,67.4,NA,NA,NA
Nuclear,CEE,1995,71.89911572690549,67.4,NA,NA,NA
Nuclear,CEE,1996,71.9058002639267,67.4,NA,NA,NA
Nuclear,CEE,1997,71.90595976884815,67.4,NA,NA,NA
Nuclear,CEE,1998,71.89741358152048,67.4,NA,NA,NA
Nuclear,CEE,1999,71.9003116458885,67.4,NA,NA,NA
Nuclear,CEE,2000,71.90483107068093,67.4,NA,NA,NA
Nuclear,CEE,2001,71.90491168771841,67.4,NA,NA,NA
Nuclear,CEE,2002,71.90406713998118,67.4,NA,NA,NA
Nuclear,CEE,2003,71.8983012895363,67.4,NA,NA,NA
Nuclear,CEE,2004,71.90303581368313,67.4,NA,NA,NA
Nuclear,CEE,2005,71.90320488141737,67.4,NA,NA,NA
Nuclear,CEE,2006,71.89533491966155,67.4,NA,NA,NA
Nuclear,CEE,2007,71.89406475806145,67.4,NA,NA,NA
Nuclear,CEE,2008,71.9048623730699,67.4,NA,NA,NA
Nuclear,CEE,2009,71.90569993613849,67.4,NA,NA,NA
Nuclear,CEE,2010,71.90275801112843,67.4,NA,NA,NA
Nuclear,CEE,2011,71.90473048793663,67.4,NA,NA,NA
Nuclear,CEE,2012,71.90544474430348,67.4,NA,NA,NA
Nuclear,CEE,2013,71.90527558446506,67.4,NA,NA,NA
Nuclear,CEE,2014,71.9056671972886,67.4,NA,NA,NA
Nuclear,CEE,2015,71.90055013316548,67.4,NA,NA,NA
Nuclear,CWE,1990,539.5114836479487,528.6,NA,NA,NA
Nuclear,CWE,1991,539.5112069515716,528.6,NA,NA,NA
Nuclear,CWE,1992,539.4704462293789,528.6,NA,NA,NA
Nuclear,CWE,1993,539.47936308043,528.6,NA,NA,NA
Nuclear,CWE,1994,539.4440019732161,528.6,NA,NA,NA
Nuclear,CWE,1995,539.4706499088176,528.6,NA,NA,NA
Nuclear,CWE,1996,539.5118253022197,528.6,NA,NA,NA
Nuclear,CWE,1997,539.5118253022197,528.6,NA,NA,NA
Nuclear,CWE,1998,539.4487025539042,528.6,NA,NA,NA
Nuclear,CWE,1999,539.4677373476667,528.6,NA,NA,NA
Nuclear,CWE,2000,539.5065715778495,528.6,NA,NA,NA
Nuclear,CWE,2001,539.1727852954614,528.6,NA,NA,NA
Nuclear,CWE,2002,539.4922952518089,528.6,NA,NA,NA
Nuclear,CWE,2003,539.1711518683591,528.6,NA,NA,NA
Nuclear,CWE,2004,539.4921907806643,528.6,NA,NA,NA
Nuclear,CWE,2005,539.4991757948634,528.6,NA,NA,NA
Nuclear,CWE,2006,539.5118253022197,528.6,NA,NA,NA
Nuclear,CWE,2007,539.335990920043,528.6,NA,NA,NA
Nuclear,CWE,2008,539.455967112237,528.6,NA,NA,NA
Nuclear,CWE,2009,539.5059858715963,528.6,NA,NA,NA
Nuclear,CWE,2010,539.5118253022197,528.6,NA,NA,NA
Nuclear,CWE,2011,539.5072795920858,528.6,NA,NA,NA
Nuclear,CWE,2012,539.4195480840159,528.6,NA,NA,NA
Nuclear,CWE,2013,539.4995214085266,528.6,NA,NA,NA
Nuclear,CWE,2014,539.261286274241,528.6,NA,NA,NA
Nuclear,CWE,2015,539.5118253022197,528.6,NA,NA,NA
Nuclear,Iberia,1990,60.94629578759999,56.1,NA,NA,NA
Nuclear,Iberia,1991,60.772392739751616,56.1,NA,NA,NA
Nuclear,Iberia,1992,60.93619459138031,56.1,NA,NA,NA
Nuclear,Iberia,1993,60.725632650705954,56.1,NA,NA,NA
Nuclear,Iberia,1994,60.511402940940066,56.1,NA,NA,NA
Nuclear,Iberia,1995,60.08806440073715,56.1,NA,NA,NA
Nuclear,Iberia,1996,60.1818454471332,56.1,NA,NA,NA
Nuclear,Iberia,1997,60.86114621569766,56.1,NA,NA,NA
Nuclear,Iberia,1998,60.60332824161373,56.1,NA,NA,NA
Nuclear,Iberia,1999,60.758289101988865,56.1,NA,NA,NA
Nuclear,Iberia,2000,60.577360457845145,56.1,NA,NA,NA
Nuclear,Iberia,2001,59.76657469944373,56.1,NA,NA,NA
Nuclear,Iberia,2002,60.55178835486652,56.1,NA,NA,NA
Nuclear,Iberia,2003,60.22554907601745,56.1,NA,NA,NA
Nuclear,Iberia,2004,60.89347870497709,56.1,NA,NA,NA
Nuclear,Iberia,2005,60.94629578759999,56.1,NA,NA,NA
Nuclear,Iberia,2006,60.693746296408115,56.1,NA,NA,NA
Nuclear,Iberia,2007,60.87601491353262,56.1,NA,NA,NA
Nuclear,Iberia,2008,60.823022118317155,56.1,NA,NA,NA
Nuclear,Iberia,2009,60.439949427054515,56.1,NA,NA,NA
Nuclear,Iberia,2010,60.49205712491934,56.1,NA,NA,NA
Nuclear,Iberia,2011,60.76248100780466,56.1,NA,NA,NA
Nuclear,Iberia,2012,60.89660488768269,56.1,NA,NA,NA
Nuclear,Iberia,2013,60.63374841024514,56.1,NA,NA,NA
Nuclear,Iberia,2014,60.17477197918938,56.1,NA,NA,NA
Nuclear,Iberia,2015,60.94629578759999,56.1,NA,NA,NA
Nuclear,Northern,1990,91.78706731808474,82.8,NA,NA,NA
Nuclear,Northern,1991,91.72937147988061,82.8,NA,NA,NA
Nuclear,Northern,1992,77.88295933474978,82.8,NA,NA,NA
Nuclear,Northern,1993,67.92750866789926,82.8,NA,NA,NA
Nuclear,Northern,1994,89.82967462563646,82.8,NA,NA,NA
Nuclear,Northern,1995,77.32130438461336,82.8,NA,NA,NA
Nuclear,Northern,1996,91.9153399283879,82.8,NA,NA,NA
Nuclear,Northern,1997,80.27215999918916,82.8,NA,NA,NA
Nuclear,Northern,1998,74.14666458478307,82.8,NA,NA,NA
Nuclear,Northern,1999,80.507330559816,82.8,NA,NA,NA
Nuclear,Northern,2000,61.0431070587525,82.8,NA,NA,NA
Nuclear,Northern,2001,71.64464289794807,82.8,NA,NA,NA
Nuclear,Northern,2002,77.3553905222429,82.8,NA,NA,NA
Nuclear,Northern,2003,87.25665120522056,82.8,NA,NA,NA
Nuclear,Northern,2004,80.79799397216449,82.8,NA,NA,NA
Nuclear,Northern,2005,74.37989899711211,82.8,NA,NA,NA
Nuclear,Northern,2006,82.91697875198236,82.8,NA,NA,NA
Nuclear,Northern,2007,77.117915413029,82.8,NA,NA,NA
Nuclear,Northern,2008,84.9235585800597,82.8,NA,NA,NA
Nuclear,Northern,2009,85.71127279141153,82.8,NA,NA,NA
Nuclear,Northern,2010,91.23533700870219,82.8,NA,NA,NA
Nuclear,Northern,2011,68.30202155600212,82.8,NA,NA,NA
Nuclear,Northern,2012,77.75058590211698,82.8,NA,NA,NA
Nuclear,Northern,2013,82.79906260111937,82.8,NA,NA,NA
Nuclear,Northern,2014,84.45096527031454,82.8,NA,NA,NA
Nuclear,Northern,2015,69.87202113145347,82.8,NA,NA,NA
Nuclear,SEE,1990,15.735369600000002,14.9,NA,NA,NA
Nuclear,SEE,1991,15.735369600000002,14.9,NA,NA,NA
Nuclear,SEE,1992,15.735369600000002,14.9,NA,NA,NA
Nuclear,SEE,1993,15.735369600000002,14.9,NA,NA,NA
Nuclear,SEE,1994,15.735369600000002,14.9,NA,NA,NA
Nuclear,SEE,1995,15.735369600000002,14.9,NA,NA,NA
Nuclear,SEE,1996,15.735369600000002,14.9,NA,NA,NA
Nuclear,SEE,1997,15.735369600000002,14.9,NA,NA,NA
Nuclear,SEE,1998,15.735369600000002,14.9,NA,NA,NA
Nuclear,SEE,1999,15.735369600000002,14.9,NA,NA,NA
Nuclear,SEE,2000,15.735369600000002,14.9,NA,NA,NA
Nuclear,SEE,2001,15.735369600000002,14.9,NA,NA,NA
Nuclear,SEE,2002,15.735369600000002,14.9,NA,NA,NA
Nuclear,SEE,2003,15.735369600000002,14.9,NA,NA,NA
Nuclear,SEE,2004,15.735369600000002,14.9,NA,NA,NA
Nuclear,SEE,2005,15.735369600000002,14.9,NA,NA,NA
Nuclear,SEE,2006,15.735369600000002,14.9,NA,NA,NA
Nuclear,SEE,2007,15.735369600000002,14.9,NA,NA,NA
Nuclear,SEE,2008,15.735369600000002,14.9,NA,NA,NA
Nuclear,SEE,2009,15.735369600000002,14.9,NA,NA,NA
Nuclear,SEE,2010,15.735369600000002,14.9,NA,NA,NA
Nuclear,SEE,2011,15.735369600000002,14.9,NA,NA,NA
Nuclear,SEE,2012,15.735369600000002,14.9,NA,NA,NA
Nuclear,SEE,2013,15.735369600000002,14.9,NA,NA,NA
Nuclear,SEE,2014,15.735369600000002,14.9,NA,NA,NA
Nuclear,SEE,2015,15.735369600000002,14.9,NA,NA,NA
Other,UK & Ireland,1990,15.18310211544489,0.7,NA,NA,NA
Other,UK & Ireland,1991,15.170013730240608,0.7,NA,NA,NA
Other,UK & Ireland,1992,15.213646118999717,0.7,NA,NA,NA
Other,UK & Ireland,1993,15.173519973705968,0.7,NA,NA,NA
Other,UK & Ireland,1994,15.155800550520828,0.7,NA,NA,NA
Other,UK & Ireland,1995,15.157473511454652,0.7,NA,NA,NA
Other,UK & Ireland,1996,15.170052697373322,0.7,NA,NA,NA
Other,UK & Ireland,1997,15.19534411207425,0.7,NA,NA,NA
Other,UK & Ireland,1998,15.171939053724417,0.7,NA,NA,NA
Other,UK & Ireland,1999,15.155680072151101,0.7,NA,NA,NA
Other,UK & Ireland,2000,15.199929386649865,0.7,NA,NA,NA
Other,UK & Ireland,2001,15.172656994113893,0.7,NA,NA,NA
Other,UK & Ireland,2002,15.190846598514623,0.7,NA,NA,NA
Other,UK & Ireland,2003,15.131526692130151,0.7,NA,NA,NA
Other,UK & Ireland,2004,15.140299730868932,0.7,NA,NA,NA
Other,UK & Ireland,2005,15.169640557690615,0.7,NA,NA,NA
Other,UK & Ireland,2006,15.116046972536536,0.7,NA,NA,NA
Other,UK & Ireland,2007,15.167789322456112,0.7,NA,NA,NA
Other,UK & Ireland,2008,15.206207533581892,0.7,NA,NA,NA
Other,UK & Ireland,2009,15.149328133120163,0.7,NA,NA,NA
Other,UK & Ireland,2010,15.173484170423944,0.7,NA,NA,NA
Other,UK & Ireland,2011,15.12062814861119,0.7,NA,NA,NA
Other,UK & Ireland,2012,15.166738070499141,0.7,NA,NA,NA
Other,UK & Ireland,2013,15.168387513005928,0.7,NA,NA,NA
Other,UK & Ireland,2014,15.175726217676404,0.7,NA,NA,NA
Other,UK & Ireland,2015,15.174826620073933,0.7,NA,NA,NA
Other,CEE,1990,3.2685421644861643,8,NA,NA,NA
Other,CEE,1991,3.255907394802046,8,NA,NA,NA
Other,CEE,1992,3.2586982759970065,8,NA,NA,NA
Other,CEE,1993,3.2847275730449623,8,NA,NA,NA
Other,CEE,1994,3.290879233069965,8,NA,NA,NA
Other,CEE,1995,3.2720761106458247,8,NA,NA,NA
Other,CEE,1996,3.2699626851210253,8,NA,NA,NA
Other,CEE,1997,3.266466632981091,8,NA,NA,NA
Other,CEE,1998,3.2682922444614153,8,NA,NA,NA
Other,CEE,1999,3.2768813046644962,8,NA,NA,NA
Other,CEE,2000,3.247133571640748,8,NA,NA,NA
Other,CEE,2001,3.296390727665695,8,NA,NA,NA
Other,CEE,2002,3.289380389763075,8,NA,NA,NA
Other,CEE,2003,3.313339956300844,8,NA,NA,NA
Other,CEE,2004,3.221702176515074,8,NA,NA,NA
Other,CEE,2005,3.276373569447042,8,NA,NA,NA
Other,CEE,2006,3.2981454664025125,8,NA,NA,NA
Other,CEE,2007,3.2680371252089397,8,NA,NA,NA
Other,CEE,2008,3.2570931592936825,8,NA,NA,NA
Other,CEE,2009,3.2960242816904057,8,NA,NA,NA
Other,CEE,2010,3.288982309490628,8,NA,NA,NA
Other,CEE,2011,3.2609716828745023,8,NA,NA,NA
Other,CEE,2012,3.308505962363893,8,NA,NA,NA
Other,CEE,2013,3.2687067029092627,8,NA,NA,NA
Other,CEE,2014,3.288842022125877,8,NA,NA,NA
Other,CEE,2015,3.2867332382586665,8,0.5891583452176667,4.713266761741334,Other: 4.7 TWh
Other,CWE,1990,21.04168920663272,40,NA,NA,NA
Other,CWE,1991,21.488245277797873,40,NA,NA,NA
Other,CWE,1992,20.788732836057925,40,NA,NA,NA
Other,CWE,1993,21.131283440952274,40,NA,NA,NA
Other,CWE,1994,20.728865233602665,40,NA,NA,NA
Other,CWE,1995,20.869591521300258,40,NA,NA,NA
Other,CWE,1996,20.840017084992205,40,NA,NA,NA
Other,CWE,1997,20.962327748256197,40,NA,NA,NA
Other,CWE,1998,21.131572659867594,40,NA,NA,NA
Other,CWE,1999,20.872519757363587,40,NA,NA,NA
Other,CWE,2000,20.788177253298244,40,NA,NA,NA
Other,CWE,2001,20.81513872359949,40,NA,NA,NA
Other,CWE,2002,20.747061045629067,40,NA,NA,NA
Other,CWE,2003,20.868965854200738,40,NA,NA,NA
Other,CWE,2004,20.8321040432554,40,NA,NA,NA
Other,CWE,2005,21.29203971275829,40,NA,NA,NA
Other,CWE,2006,20.79131968823947,40,NA,NA,NA
Other,CWE,2007,20.803420224457533,40,NA,NA,NA
Other,CWE,2008,20.950113108506628,40,NA,NA,NA
Other,CWE,2009,21.003185747932662,40,NA,NA,NA
Other,CWE,2010,21.510870324403626,40,NA,NA,NA
Other,CWE,2011,20.7321633393797,40,NA,NA,NA
Other,CWE,2012,21.342887691894976,40,NA,NA,NA
Other,CWE,2013,20.968587734887013,40,NA,NA,NA
Other,CWE,2014,20.729964782616364,40,NA,NA,NA
Other,CWE,2015,20.694148515200524,40,0.4826462871199869,19.305851484799476,Other: 19.3 TWh
Other,Iberia,1990,3.3156156672000003,14.1,NA,NA,NA
Other,Iberia,1991,3.3156156672000003,14.1,NA,NA,NA
Other,Iberia,1992,3.3156156672000003,14.1,NA,NA,NA
Other,Iberia,1993,3.3156156672000003,14.1,NA,NA,NA
Other,Iberia,1994,3.3156156672000003,14.1,NA,NA,NA
Other,Iberia,1995,3.3156156672000003,14.1,NA,NA,NA
Other,Iberia,1996,3.3152382064000006,14.1,NA,NA,NA
Other,Iberia,1997,3.3156156672000003,14.1,NA,NA,NA
Other,Iberia,1998,3.3156156672000003,14.1,NA,NA,NA
Other,Iberia,1999,3.3156156672000003,14.1,NA,NA,NA
Other,Iberia,2000,3.3156156672000003,14.1,NA,NA,NA
Other,Iberia,2001,3.3152382064000006,14.1,NA,NA,NA
Other,Iberia,2002,3.3156156672000003,14.1,NA,NA,NA
Other,Iberia,2003,3.3156156672000003,14.1,NA,NA,NA
Other,Iberia,2004,3.3156156672000003,14.1,NA,NA,NA
Other,Iberia,2005,3.3156156672000003,14.1,NA,NA,NA
Other,Iberia,2006,3.3156156672000003,14.1,NA,NA,NA
Other,Iberia,2007,3.3156156672000003,14.1,NA,NA,NA
Other,Iberia,2008,3.3156156672000003,14.1,NA,NA,NA
Other,Iberia,2009,3.3156156672000003,14.1,NA,NA,NA
Other,Iberia,2010,3.3156156672000003,14.1,NA,NA,NA
Other,Iberia,2011,3.3156156672000003,14.1,NA,NA,NA
Other,Iberia,2012,3.3156156672000003,14.1,NA,NA,NA
Other,Iberia,2013,3.3156156672000003,14.1,NA,NA,NA
Other,Iberia,2014,3.3156156672000003,14.1,NA,NA,NA
Other,Iberia,2015,3.3156156672000003,14.1,0.764849952680851,10.784384332799998,Other: 10.8 TWh
Other,Italy,1990,11.117596844598298,24,NA,NA,NA
Other,Italy,1991,11.018649288686538,24,NA,NA,NA
Other,Italy,1992,11.470907828562481,24,NA,NA,NA
Other,Italy,1993,11.17041312278634,24,NA,NA,NA
Other,Italy,1994,11.606636885919825,24,NA,NA,NA
Other,Italy,1995,11.258784897024343,24,NA,NA,NA
Other,Italy,1996,11.334496616070458,24,NA,NA,NA
Other,Italy,1997,11.463725222740019,24,NA,NA,NA
Other,Italy,1998,11.085616452110655,24,NA,NA,NA
Other,Italy,1999,11.224268483939321,24,NA,NA,NA
Other,Italy,2000,11.696205455916992,24,NA,NA,NA
Other,Italy,2001,11.305309836142687,24,NA,NA,NA
Other,Italy,2002,11.510596306509612,24,NA,NA,NA
Other,Italy,2003,10.760317721090296,24,NA,NA,NA
Other,Italy,2004,10.99862370758708,24,NA,NA,NA
Other,Italy,2005,10.870080427251093,24,NA,NA,NA
Other,Italy,2006,10.942307497012754,24,NA,NA,NA
Other,Italy,2007,10.979939800675467,24,NA,NA,NA
Other,Italy,2008,11.306688008460577,24,NA,NA,NA
Other,Italy,2009,11.127397390016228,24,NA,NA,NA
Other,Italy,2010,10.784736438051182,24,NA,NA,NA
Other,Italy,2011,11.08822143975802,24,NA,NA,NA
Other,Italy,2012,11.046672955467285,24,NA,NA,NA
Other,Italy,2013,11.129814787130892,24,NA,NA,NA
Other,Italy,2014,11.254764463191595,24,NA,NA,NA
Other,Italy,2015,10.879712221395833,24,0.5466786574418403,13.120287778604167,Other: 13.1 TWh
Other,Northern,1990,4.8331737847241,5.6,NA,NA,NA
Other,Northern,1991,4.82713685563353,5.6,NA,NA,NA
Other,Northern,1992,4.8354219265972045,5.6,NA,NA,NA
Other,Northern,1993,4.8368536192773055,5.6,NA,NA,NA
Other,Northern,1994,4.833085675903765,5.6,NA,NA,NA
Other,Northern,1995,4.832628577915386,5.6,NA,NA,NA
Other,Northern,1996,4.824620304959365,5.6,NA,NA,NA
Other,Northern,1997,4.839741388029409,5.6,NA,NA,NA
Other,Northern,1998,4.838604120669881,5.6,NA,NA,NA
Other,Northern,1999,4.834965867612019,5.6,NA,NA,NA
Other,Northern,2000,4.83730236515947,5.6,NA,NA,NA
Other,Northern,2001,4.832698880065171,5.6,NA,NA,NA
Other,Northern,2002,4.832446090499993,5.6,NA,NA,NA
Other,Northern,2003,4.836879367180477,5.6,NA,NA,NA
Other,Northern,2004,4.836634709971787,5.6,NA,NA,NA
Other,Northern,2005,4.830429275303005,5.6,NA,NA,NA
Other,Northern,2006,4.83028765304766,5.6,NA,NA,NA
Other,Northern,2007,4.834598029683774,5.6,NA,NA,NA
Other,Northern,2008,4.829357471889869,5.6,NA,NA,NA
Other,Northern,2009,4.830976182896119,5.6,NA,NA,NA
Other,Northern,2010,4.826736491428024,5.6,NA,NA,NA
Other,Northern,2011,4.829799420255716,5.6,NA,NA,NA
Other,Northern,2012,4.834237124708857,5.6,NA,NA,NA
Other,Northern,2013,4.832835598696484,5.6,NA,NA,NA
Other,Northern,2014,4.827916925170005,5.6,NA,NA,NA
Other,Northern,2015,4.830844082762376,5.6,NA,NA,NA
Other,SEE,1990,0.09317952117868107,1.5,NA,NA,NA
Other,SEE,1991,0.0933054060768,1.5,NA,NA,NA
Other,SEE,1992,0.09330091025749215,1.5,NA,NA,NA
Other,SEE,1993,0.0932074060768,1.5,NA,NA,NA
Other,SEE,1994,0.09320983203317608,1.5,NA,NA,NA
Other,SEE,1995,0.09306964569098133,1.5,NA,NA,NA
Other,SEE,1996,0.0931507160768,1.5,NA,NA,NA
Other,SEE,1997,0.0930114060768,1.5,NA,NA,NA
Other,SEE,1998,0.0930114060768,1.5,NA,NA,NA
Other,SEE,1999,0.0931155260768,1.5,NA,NA,NA
Other,SEE,2000,0.0933054060768,1.5,NA,NA,NA
Other,SEE,2001,0.09335979863099365,1.5,NA,NA,NA
Other,SEE,2002,0.0933054060768,1.5,NA,NA,NA
Other,SEE,2003,0.0930506060768,1.5,NA,NA,NA
Other,SEE,2004,0.0931419260768,1.5,NA,NA,NA
Other,SEE,2005,0.09310139543104756,1.5,NA,NA,NA
Other,SEE,2006,0.09343433750772594,1.5,NA,NA,NA
Other,SEE,2007,0.09317356649190892,1.5,NA,NA,NA
Other,SEE,2008,0.09325130305184685,1.5,NA,NA,NA
Other,SEE,2009,0.09334966035498711,1.5,NA,NA,NA
Other,SEE,2010,0.0930114060768,1.5,NA,NA,NA
Other,SEE,2011,0.09322374819309338,1.5,NA,NA,NA
Other,SEE,2012,0.09336448988441606,1.5,NA,NA,NA
Other,SEE,2013,0.09361436898091878,1.5,NA,NA,NA
Other,SEE,2014,0.0931094060768,1.5,NA,NA,NA
Other,SEE,2015,0.0932074060768,1.5,NA,NA,NA
Solar,UK & Ireland,1990,7.610608204532508,9.6,NA,NA,NA
Solar,UK & Ireland,1991,7.236427568991368,9.6,NA,NA,NA
Solar,UK & Ireland,1992,7.410614952787974,9.6,NA,NA,NA
Solar,UK & Ireland,1993,6.921288394382789,9.6,NA,NA,NA
Solar,UK & Ireland,1994,7.189332607531432,9.6,NA,NA,NA
Solar,UK & Ireland,1995,7.874555084823139,9.6,NA,NA,NA
Solar,UK & Ireland,1996,7.087710138340872,9.6,NA,NA,NA
Solar,UK & Ireland,1997,7.38421004528334,9.6,NA,NA,NA
Solar,UK & Ireland,1998,6.908992012091503,9.6,NA,NA,NA
Solar,UK & Ireland,1999,7.477117451057076,9.6,NA,NA,NA
Solar,UK & Ireland,2000,7.128476361815797,9.6,NA,NA,NA
Solar,UK & Ireland,2001,7.403909321510883,9.6,NA,NA,NA
Solar,UK & Ireland,2002,7.224751033222829,9.6,NA,NA,NA
Solar,UK & Ireland,2003,8.114783441202373,9.6,NA,NA,NA
Solar,UK & Ireland,2004,7.314107439338129,9.6,NA,NA,NA
Solar,UK & Ireland,2005,7.2003413655332436,9.6,NA,NA,NA
Solar,UK & Ireland,2006,7.294465352893164,9.6,NA,NA,NA
Solar,UK & Ireland,2007,7.516767294013159,9.6,NA,NA,NA
Solar,UK & Ireland,2008,7.0728879317517555,9.6,NA,NA,NA
Solar,UK & Ireland,2009,7.429836702273977,9.6,NA,NA,NA
Solar,UK & Ireland,2010,7.5613484333918635,9.6,NA,NA,NA
Solar,UK & Ireland,2011,7.605483920063182,9.6,NA,NA,NA
Solar,UK & Ireland,2012,7.042157551883677,9.6,NA,NA,NA
Solar,UK & Ireland,2013,6.942530656111505,9.6,NA,NA,NA
Solar,UK & Ireland,2014,7.491529613819939,9.6,NA,NA,NA
Solar,UK & Ireland,2015,7.526761356070496,9.6,NA,NA,NA
Solar,CEE,1990,4.717061389720193,4.7,NA,NA,NA
Solar,CEE,1991,4.54041744296062,4.7,NA,NA,NA
Solar,CEE,1992,4.853084053796566,4.7,NA,NA,NA
Solar,CEE,1993,4.594861967042639,4.7,NA,NA,NA
Solar,CEE,1994,4.63908325847762,4.7,NA,NA,NA
Solar,CEE,1995,4.378956268296629,4.7,NA,NA,NA
Solar,CEE,1996,4.222308338233513,4.7,NA,NA,NA
Solar,CEE,1997,4.662438359157012,4.7,NA,NA,NA
Solar,CEE,1998,4.442294142878283,4.7,NA,NA,NA
Solar,CEE,1999,4.505044487553686,4.7,NA,NA,NA
Solar,CEE,2000,4.718958995165779,4.7,NA,NA,NA
Solar,CEE,2001,4.379529598552253,4.7,NA,NA,NA
Solar,CEE,2002,4.499071103725062,4.7,NA,NA,NA
Solar,CEE,2003,4.921985372573007,4.7,NA,NA,NA
Solar,CEE,2004,4.51876694293708,4.7,NA,NA,NA
Solar,CEE,2005,4.562379998649587,4.7,NA,NA,NA
Solar,CEE,2006,4.630700064375327,4.7,NA,NA,NA
Solar,CEE,2007,4.7215638766822465,4.7,NA,NA,NA
Solar,CEE,2008,4.49654644728019,4.7,NA,NA,NA
Solar,CEE,2009,4.537063259630414,4.7,NA,NA,NA
Solar,CEE,2010,4.397288424424404,4.7,NA,NA,NA
Solar,CEE,2011,4.924757320955371,4.7,NA,NA,NA
Solar,CEE,2012,4.793715454043421,4.7,NA,NA,NA
Solar,CEE,2013,4.238671868706387,4.7,NA,NA,NA
Solar,CEE,2014,4.430364732503076,4.7,NA,NA,NA
Solar,CEE,2015,4.710901113308633,4.7,NA,NA,NA
Solar,CWE,1990,47.98220389557434,48.3,NA,NA,NA
Solar,CWE,1991,48.942698736368136,48.3,NA,NA,NA
Solar,CWE,1992,47.50851376482317,48.3,NA,NA,NA
Solar,CWE,1993,45.6366763449451,48.3,NA,NA,NA
Solar,CWE,1994,46.00518891890326,48.3,NA,NA,NA
Solar,CWE,1995,45.60238733641027,48.3,NA,NA,NA
Solar,CWE,1996,44.520996498281846,48.3,NA,NA,NA
Solar,CWE,1997,48.67523176113984,48.3,NA,NA,NA
Solar,CWE,1998,43.35591661781717,48.3,NA,NA,NA
Solar,CWE,1999,46.765318620634794,48.3,NA,NA,NA
Solar,CWE,2000,45.5194187566395,48.3,NA,NA,NA
Solar,CWE,2001,45.03836696994975,48.3,NA,NA,NA
Solar,CWE,2002,45.42873239859197,48.3,NA,NA,NA
Solar,CWE,2003,52.646920960922834,48.3,NA,NA,NA
Solar,CWE,2004,46.68582051610098,48.3,NA,NA,NA
Solar,CWE,2005,46.85432813175662,48.3,NA,NA,NA
Solar,CWE,2006,46.517769705979404,48.3,NA,NA,NA
Solar,CWE,2007,47.03688526574683,48.3,NA,NA,NA
Solar,CWE,2008,45.35752808291495,48.3,NA,NA,NA
Solar,CWE,2009,46.67667954806585,48.3,NA,NA,NA
Solar,CWE,2010,45.5722702090396,48.3,NA,NA,NA
Solar,CWE,2011,50.610134823162674,48.3,NA,NA,NA
Solar,CWE,2012,46.79370425586241,48.3,NA,NA,NA
Solar,CWE,2013,42.08321718685209,48.3,NA,NA,NA
Solar,CWE,2014,47.12106895122276,48.3,NA,NA,NA
Solar,CWE,2015,48.631058709062444,48.3,NA,NA,NA
Solar,Iberia,1990,10.596977276803315,13.9,NA,NA,NA
Solar,Iberia,1991,10.5476885168406,13.9,NA,NA,NA
Solar,Iberia,1992,10.624576256112318,13.9,NA,NA,NA
Solar,Iberia,1993,10.48893073497347,13.9,NA,NA,NA
Solar,Iberia,1994,10.605986833319221,13.9,NA,NA,NA
Solar,Iberia,1995,10.778914649297471,13.9,NA,NA,NA
Solar,Iberia,1996,10.324404855298212,13.9,NA,NA,NA
Solar,Iberia,1997,10.537070810732617,13.9,NA,NA,NA
Solar,Iberia,1998,10.781768140927298,13.9,NA,NA,NA
Solar,Iberia,1999,10.644898830926428,13.9,NA,NA,NA
Solar,Iberia,2000,10.720064595955318,13.9,NA,NA,NA
Solar,Iberia,2001,10.643917722565963,13.9,NA,NA,NA
Solar,Iberia,2002,10.324952161938993,13.9,NA,NA,NA
Solar,Iberia,2003,10.340077426089882,13.9,NA,NA,NA
Solar,Iberia,2004,10.596206866643605,13.9,NA,NA,NA
Solar,Iberia,2005,10.953963422276635,13.9,NA,NA,NA
Solar,Iberia,2006,10.484089897151932,13.9,NA,NA,NA
Solar,Iberia,2007,10.731881378757636,13.9,NA,NA,NA
Solar,Iberia,2008,10.32404845923408,13.9,NA,NA,NA
Solar,Iberia,2009,10.731745054456425,13.9,NA,NA,NA
Solar,Iberia,2010,10.347641733470818,13.9,NA,NA,NA
Solar,Iberia,2011,10.844921650303256,13.9,NA,NA,NA
Solar,Iberia,2012,10.909110121507537,13.9,NA,NA,NA
Solar,Iberia,2013,10.308340153871896,13.9,NA,NA,NA
Solar,Iberia,2014,10.502430535857943,13.9,NA,NA,NA
Solar,Iberia,2015,10.770738213341883,13.9,NA,NA,NA
Solar,Italy,1990,23.477559552309952,22.5,NA,NA,NA
Solar,Italy,1991,23.024445027993742,22.5,NA,NA,NA
Solar,Italy,1992,23.05494671820961,22.5,NA,NA,NA
Solar,Italy,1993,23.37917480729846,22.5,NA,NA,NA
Solar,Italy,1994,23.19761532028707,22.5,NA,NA,NA
Solar,Italy,1995,22.846073343255046,22.5,NA,NA,NA
Solar,Italy,1996,21.40134193149307,22.5,NA,NA,NA
Solar,Italy,1997,24.21339829993022,22.5,NA,NA,NA
Solar,Italy,1998,24.008970754589576,22.5,NA,NA,NA
Solar,Italy,1999,22.906706067318314,22.5,NA,NA,NA
Solar,Italy,2000,23.450620171321432,22.5,NA,NA,NA
Solar,Italy,2001,23.434722402791248,22.5,NA,NA,NA
Solar,Italy,2002,22.34134332868502,22.5,NA,NA,NA
Solar,Italy,2003,24.03175393518919,22.5,NA,NA,NA
Solar,Italy,2004,22.562173008579173,22.5,NA,NA,NA
Solar,Italy,2005,22.787564810617216,22.5,NA,NA,NA
Solar,Italy,2006,23.211816612874443,22.5,NA,NA,NA
Solar,Italy,2007,23.828742087458114,22.5,NA,NA,NA
Solar,Italy,2008,22.581559756000665,22.5,NA,NA,NA
Solar,Italy,2009,22.96617211885995,22.5,NA,NA,NA
Solar,Italy,2010,21.82520523816847,22.5,NA,NA,NA
Solar,Italy,2011,24.550645528550653,22.5,NA,NA,NA
Solar,Italy,2012,23.70397659008462,22.5,NA,NA,NA
Solar,Italy,2013,21.707139036537022,22.5,NA,NA,NA
Solar,Italy,2014,22.08958222652354,22.5,NA,NA,NA
Solar,Italy,2015,23.670739567598353,22.5,NA,NA,NA
Solar,Northern,1990,0.8647577136006893,0.7999999999999999,NA,NA,NA
Solar,Northern,1991,0.862266064380484,0.7999999999999999,NA,NA,NA
Solar,Northern,1992,0.8924973450194541,0.7999999999999999,NA,NA,NA
Solar,Northern,1993,0.8231155491870992,0.7999999999999999,NA,NA,NA
Solar,Northern,1994,0.8387466159685366,0.7999999999999999,NA,NA,NA
Solar,Northern,1995,0.875902742469211,0.7999999999999999,NA,NA,NA
Solar,Northern,1996,0.8286642254477709,0.7999999999999999,NA,NA,NA
Solar,Northern,1997,0.8835621496529682,0.7999999999999999,NA,NA,NA
Solar,Northern,1998,0.7664385350449296,0.7999999999999999,NA,NA,NA
Solar,Northern,1999,0.8492705090159115,0.7999999999999999,NA,NA,NA
Solar,Northern,2000,0.8057376077577323,0.7999999999999999,NA,NA,NA
Solar,Northern,2001,0.8151592146446704,0.7999999999999999,NA,NA,NA
Solar,Northern,2002,0.8735097308502927,0.7999999999999999,NA,NA,NA
Solar,Northern,2003,0.9089587736305001,0.7999999999999999,NA,NA,NA
Solar,Northern,2004,0.8715528753146682,0.7999999999999999,NA,NA,NA
Solar,Northern,2005,0.881096569641323,0.7999999999999999,NA,NA,NA
Solar,Northern,2006,0.81471180711337,0.7999999999999999,NA,NA,NA
Solar,Northern,2007,0.8650844298663903,0.7999999999999999,NA,NA,NA
Solar,Northern,2008,0.8586288375146358,0.7999999999999999,NA,NA,NA
Solar,Northern,2009,0.8780864305890471,0.7999999999999999,NA,NA,NA
Solar,Northern,2010,0.8369024210859677,0.7999999999999999,NA,NA,NA
Solar,Northern,2011,0.8611124035331571,0.7999999999999999,NA,NA,NA
Solar,Northern,2012,0.8267504974152915,0.7999999999999999,NA,NA,NA
Solar,Northern,2013,0.8408021538733927,0.7999999999999999,NA,NA,NA
Solar,Northern,2014,0.8653206325181918,0.7999999999999999,NA,NA,NA
Solar,Northern,2015,0.8521718004969381,0.7999999999999999,NA,NA,NA
Solar,SEE,1990,5.208432117036548,5.2,NA,NA,NA
Solar,SEE,1991,4.8111267518798275,5.2,NA,NA,NA
Solar,SEE,1992,5.161102731310909,5.2,NA,NA,NA
Solar,SEE,1993,5.202166244353412,5.2,NA,NA,NA
Solar,SEE,1994,5.063574952153848,5.2,NA,NA,NA
Solar,SEE,1995,4.929393027175721,5.2,NA,NA,NA
Solar,SEE,1996,4.62811660528588,5.2,NA,NA,NA
Solar,SEE,1997,5.002036402423731,5.2,NA,NA,NA
Solar,SEE,1998,4.996900859729871,5.2,NA,NA,NA
Solar,SEE,1999,5.00802322285091,5.2,NA,NA,NA
Solar,SEE,2000,5.2780400734489445,5.2,NA,NA,NA
Solar,SEE,2001,5.007680100492275,5.2,NA,NA,NA
Solar,SEE,2002,4.861761051166078,5.2,NA,NA,NA
Solar,SEE,2003,4.911863069949431,5.2,NA,NA,NA
Solar,SEE,2004,4.955744589929068,5.2,NA,NA,NA
Solar,SEE,2005,4.883269432447984,5.2,NA,NA,NA
Solar,SEE,2006,4.912977531093806,5.2,NA,NA,NA
Solar,SEE,2007,5.134669370196994,5.2,NA,NA,NA
Solar,SEE,2008,5.010050243568841,5.2,NA,NA,NA
Solar,SEE,2009,4.851340213661141,5.2,NA,NA,NA
Solar,SEE,2010,4.790583761150576,5.2,NA,NA,NA
Solar,SEE,2011,5.115158664572375,5.2,NA,NA,NA
Solar,SEE,2012,5.099395506536589,5.2,NA,NA,NA
Solar,SEE,2013,4.985516612738676,5.2,NA,NA,NA
Solar,SEE,2014,4.769727810343238,5.2,NA,NA,NA
Solar,SEE,2015,5.067541988964149,5.2,NA,NA,NA
Solid_fuels,UK & Ireland,1990,58.53310168626948,37.3,NA,NA,NA
Solid_fuels,UK & Ireland,1991,60.48140578824536,37.3,NA,NA,NA
Solid_fuels,UK & Ireland,1992,56.191245841900034,37.3,NA,NA,NA
Solid_fuels,UK & Ireland,1993,57.81292823756115,37.3,NA,NA,NA
Solid_fuels,UK & Ireland,1994,54.797557040729906,37.3,NA,NA,NA
Solid_fuels,UK & Ireland,1995,54.028788157462465,37.3,NA,NA,NA
Solid_fuels,UK & Ireland,1996,59.46166381941214,37.3,NA,NA,NA
Solid_fuels,UK & Ireland,1997,54.335898281826985,37.3,NA,NA,NA
Solid_fuels,UK & Ireland,1998,51.76583940792311,37.3,NA,NA,NA
Solid_fuels,UK & Ireland,1999,51.669640608973914,37.3,NA,NA,NA
Solid_fuels,UK & Ireland,2000,57.98881519348258,37.3,NA,NA,NA
Solid_fuels,UK & Ireland,2001,52.632808048347904,37.3,NA,NA,NA
Solid_fuels,UK & Ireland,2002,63.813903168104126,37.3,NA,NA,NA
Solid_fuels,UK & Ireland,2003,50.190900001394276,37.3,NA,NA,NA
Solid_fuels,UK & Ireland,2004,58.17245320297867,37.3,NA,NA,NA
Solid_fuels,UK & Ireland,2005,58.5780520661217,37.3,NA,NA,NA
Solid_fuels,UK & Ireland,2006,54.94886619641738,37.3,NA,NA,NA
Solid_fuels,UK & Ireland,2007,52.4153970872116,37.3,NA,NA,NA
Solid_fuels,UK & Ireland,2008,55.23533976945118,37.3,NA,NA,NA
Solid_fuels,UK & Ireland,2009,45.998424417748005,37.3,NA,NA,NA
Solid_fuels,UK & Ireland,2010,49.61452835614799,37.3,NA,NA,NA
Solid_fuels,UK & Ireland,2011,54.27895996078551,37.3,NA,NA,NA
Solid_fuels,UK & Ireland,2012,57.66454314954361,37.3,NA,NA,NA
Solid_fuels,UK & Ireland,2013,64.78904503005404,37.3,NA,NA,NA
Solid_fuels,UK & Ireland,2014,55.83159984781825,37.3,NA,NA,NA
Solid_fuels,UK & Ireland,2015,52.347831121812334,37.3,0.4034271078233871,15.047831121812337,Solid_fuels: 15.0 TWh
Solid_fuels,CEE,1990,201.79187716391837,183.70000000000002,NA,NA,NA
Solid_fuels,CEE,1991,206.54419428698242,183.70000000000002,NA,NA,NA
Solid_fuels,CEE,1992,204.32543484497387,183.70000000000002,NA,NA,NA
Solid_fuels,CEE,1993,202.30876972929366,183.70000000000002,NA,NA,NA
Solid_fuels,CEE,1994,202.76781791493124,183.70000000000002,NA,NA,NA
Solid_fuels,CEE,1995,202.57305523611126,183.70000000000002,NA,NA,NA
Solid_fuels,CEE,1996,208.81819973944658,183.70000000000002,NA,NA,NA
Solid_fuels,CEE,1997,203.4256107074053,183.70000000000002,NA,NA,NA
Solid_fuels,CEE,1998,199.6021658036534,183.70000000000002,NA,NA,NA
Solid_fuels,CEE,1999,199.43996266434502,183.70000000000002,NA,NA,NA
Solid_fuels,CEE,2000,199.53110426912508,183.70000000000002,NA,NA,NA
Solid_fuels,CEE,2001,201.2960536419682,183.70000000000002,NA,NA,NA
Solid_fuels,CEE,2002,201.3295834083943,183.70000000000002,NA,NA,NA
Solid_fuels,CEE,2003,206.33810989838835,183.70000000000002,NA,NA,NA
Solid_fuels,CEE,2004,202.3122470168315,183.70000000000002,NA,NA,NA
Solid_fuels,CEE,2005,202.44231100481687,183.70000000000002,NA,NA,NA
Solid_fuels,CEE,2006,205.424376622192,183.70000000000002,NA,NA,NA
Solid_fuels,CEE,2007,201.3183062174502,183.70000000000002,NA,NA,NA
Solid_fuels,CEE,2008,200.31581252556146,183.70000000000002,NA,NA,NA
Solid_fuels,CEE,2009,204.11668569236744,183.70000000000002,NA,NA,NA
Solid_fuels,CEE,2010,205.3193331856057,183.70000000000002,NA,NA,NA
Solid_fuels,CEE,2011,202.3881691945645,183.70000000000002,NA,NA,NA
Solid_fuels,CEE,2012,203.55481809734303,183.70000000000002,NA,NA,NA
Solid_fuels,CEE,2013,203.9367997888118,183.70000000000002,NA,NA,NA
Solid_fuels,CEE,2014,204.06061336022515,183.70000000000002,NA,NA,NA
Solid_fuels,CEE,2015,199.27092986109867,183.70000000000002,NA,NA,NA
Solid_fuels,CWE,1990,242.09454763332303,271.3,NA,NA,NA
Solid_fuels,CWE,1991,271.02052009529535,271.3,NA,NA,NA
Solid_fuels,CWE,1992,269.469128899754,271.3,NA,NA,NA
Solid_fuels,CWE,1993,265.12632179121147,271.3,NA,NA,NA
Solid_fuels,CWE,1994,260.0287267262288,271.3,NA,NA,NA
Solid_fuels,CWE,1995,263.6599672738372,271.3,NA,NA,NA
Solid_fuels,CWE,1996,274.11110416805053,271.3,NA,NA,NA
Solid_fuels,CWE,1997,268.47758175184526,271.3,NA,NA,NA
Solid_fuels,CWE,1998,250.06914435269763,271.3,NA,NA,NA
Solid_fuels,CWE,1999,261.8666914628146,271.3,NA,NA,NA
Solid_fuels,CWE,2000,256.39113719647514,271.3,NA,NA,NA
Solid_fuels,CWE,2001,262.58600646124086,271.3,NA,NA,NA
Solid_fuels,CWE,2002,258.2535667608912,271.3,NA,NA,NA
Solid_fuels,CWE,2003,256.1334951573944,271.3,NA,NA,NA
Solid_fuels,CWE,2004,266.4273014214856,271.3,NA,NA,NA
Solid_fuels,CWE,2005,267.9724956507281,271.3,NA,NA,NA
Solid_fuels,CWE,2006,257.17677000148956,271.3,NA,NA,NA
Solid_fuels,CWE,2007,245.3274593413184,271.3,NA,NA,NA
Solid_fuels,CWE,2008,258.26953292712005,271.3,NA,NA,NA
Solid_fuels,CWE,2009,272.0635042356618,271.3,NA,NA,NA
Solid_fuels,CWE,2010,278.187354485578,271.3,NA,NA,NA
Solid_fuels,CWE,2011,263.8990186895025,271.3,NA,NA,NA
Solid_fuels,CWE,2012,249.76337868772052,271.3,NA,NA,NA
Solid_fuels,CWE,2013,252.99298772832506,271.3,NA,NA,NA
Solid_fuels,CWE,2014,260.7387261475809,271.3,NA,NA,NA
Solid_fuels,CWE,2015,259.73122910774487,271.3,NA,NA,NA
Solid_fuels,Iberia,1990,65.98266660207952,49.2,NA,NA,NA
Solid_fuels,Iberia,1991,62.88730560303987,49.2,NA,NA,NA
Solid_fuels,Iberia,1992,71.09113295588665,49.2,NA,NA,NA
Solid_fuels,Iberia,1993,69.65709455152339,49.2,NA,NA,NA
Solid_fuels,Iberia,1994,63.117567200339515,49.2,NA,NA,NA
Solid_fuels,Iberia,1995,57.92271599454474,49.2,NA,NA,NA
Solid_fuels,Iberia,1996,42.62538815468009,49.2,NA,NA,NA
Solid_fuels,Iberia,1997,55.97953543132985,49.2,NA,NA,NA
Solid_fuels,Iberia,1998,57.498647808539445,49.2,NA,NA,NA
Solid_fuels,Iberia,1999,63.66208268912317,49.2,NA,NA,NA
Solid_fuels,Iberia,2000,55.48896069855037,49.2,NA,NA,NA
Solid_fuels,Iberia,2001,50.891856439142636,49.2,NA,NA,NA
Solid_fuels,Iberia,2002,57.572576845987165,49.2,NA,NA,NA
Solid_fuels,Iberia,2003,52.101949092215904,49.2,NA,NA,NA
Solid_fuels,Iberia,2004,65.96070204395659,49.2,NA,NA,NA
Solid_fuels,Iberia,2005,76.03448544156588,49.2,NA,NA,NA
Solid_fuels,Iberia,2006,57.52106403799948,49.2,NA,NA,NA
Solid_fuels,Iberia,2007,65.16523960561913,49.2,NA,NA,NA
Solid_fuels,Iberia,2008,65.70775534956151,49.2,NA,NA,NA
Solid_fuels,Iberia,2009,63.2576034155331,49.2,NA,NA,NA
Solid_fuels,Iberia,2010,47.94214197765296,49.2,NA,NA,NA
Solid_fuels,Iberia,2011,64.21468986959778,49.2,NA,NA,NA
Solid_fuels,Iberia,2012,76.79829286042066,49.2,NA,NA,NA
Solid_fuels,Iberia,2013,49.01074078094913,49.2,NA,NA,NA
Solid_fuels,Iberia,2014,47.78534789381224,49.2,NA,NA,NA
Solid_fuels,Iberia,2015,68.86965767260024,49.2,0.39978979009350074,19.669657672600238,Solid_fuels: 19.7 TWh
Solid_fuels,Italy,1990,54.303914271358785,43.9,NA,NA,NA
Solid_fuels,Italy,1991,54.49718728385796,43.9,NA,NA,NA
Solid_fuels,Italy,1992,54.372749045252455,43.9,NA,NA,NA
Solid_fuels,Italy,1993,54.279742504538305,43.9,NA,NA,NA
Solid_fuels,Italy,1994,53.9937286111492,43.9,NA,NA,NA
Solid_fuels,Italy,1995,54.03924855298983,43.9,NA,NA,NA
Solid_fuels,Italy,1996,54.45735389736597,43.9,NA,NA,NA
Solid_fuels,Italy,1997,54.251198590402076,43.9,NA,NA,NA
Solid_fuels,Italy,1998,54.033185920958964,43.9,NA,NA,NA
Solid_fuels,Italy,1999,53.93952340950852,43.9,NA,NA,NA
Solid_fuels,Italy,2000,53.670341478572254,43.9,NA,NA,NA
Solid_fuels,Italy,2001,53.728883095072874,43.9,NA,NA,NA
Solid_fuels,Italy,2002,53.87523090520013,43.9,NA,NA,NA
Solid_fuels,Italy,2003,54.400228019616875,43.9,NA,NA,NA
Solid_fuels,Italy,2004,54.1535928402094,43.9,NA,NA,NA
Solid_fuels,Italy,2005,54.329015657684,43.9,NA,NA,NA
Solid_fuels,Italy,2006,54.3060154319829,43.9,NA,NA,NA
Solid_fuels,Italy,2007,54.23214536714628,43.9,NA,NA,NA
Solid_fuels,Italy,2008,54.170478561729745,43.9,NA,NA,NA
Solid_fuels,Italy,2009,54.214185581915736,43.9,NA,NA,NA
Solid_fuels,Italy,2010,54.08168793996,43.9,NA,NA,NA
Solid_fuels,Italy,2011,54.184845254071725,43.9,NA,NA,NA
Solid_fuels,Italy,2012,54.428977870552075,43.9,NA,NA,NA
Solid_fuels,Italy,2013,53.86035035442496,43.9,NA,NA,NA
Solid_fuels,Italy,2014,53.364051608890726,43.9,NA,NA,NA
Solid_fuels,Italy,2015,54.205208543551365,43.9,NA,NA,NA
Solid_fuels,Northern,1990,24.164896987315192,27.2,NA,NA,NA
Solid_fuels,Northern,1991,32.77220495339479,27.2,NA,NA,NA
Solid_fuels,Northern,1992,15.919908407249741,27.2,NA,NA,NA
Solid_fuels,Northern,1993,20.579808746153088,27.2,NA,NA,NA
Solid_fuels,Northern,1994,25.283709239319936,27.2,NA,NA,NA
Solid_fuels,Northern,1995,22.2600055664644,27.2,NA,NA,NA
Solid_fuels,Northern,1996,38.08202951318678,27.2,NA,NA,NA
Solid_fuels,Northern,1997,25.202960981366616,27.2,NA,NA,NA
Solid_fuels,Northern,1998,20.273022355121768,27.2,NA,NA,NA
Solid_fuels,Northern,1999,17.870026385703785,27.2,NA,NA,NA
Solid_fuels,Northern,2000,12.676622898862817,27.2,NA,NA,NA
Solid_fuels,Northern,2001,20.46613784040258,27.2,NA,NA,NA
Solid_fuels,Northern,2002,23.500147372462177,27.2,NA,NA,NA
Solid_fuels,Northern,2003,25.653754341559175,27.2,NA,NA,NA
Solid_fuels,Northern,2004,21.30524360689369,27.2,NA,NA,NA
Solid_fuels,Northern,2005,16.371590870138842,27.2,NA,NA,NA
Solid_fuels,Northern,2006,26.330047273194424,27.2,NA,NA,NA
Solid_fuels,Northern,2007,14.116134270167219,27.2,NA,NA,NA
Solid_fuels,Northern,2008,17.099889524813747,27.2,NA,NA,NA
Solid_fuels,Northern,2009,26.44443656393314,27.2,NA,NA,NA
Solid_fuels,Northern,2010,37.16905316587655,27.2,NA,NA,NA
Solid_fuels,Northern,2011,18.652735083417852,27.2,NA,NA,NA
Solid_fuels,Northern,2012,18.85839975909774,27.2,NA,NA,NA
Solid_fuels,Northern,2013,25.909518567674127,27.2,NA,NA,NA
Solid_fuels,Northern,2014,22.790498958036807,27.2,NA,NA,NA
Solid_fuels,Northern,2015,12.544090894633342,27.2,0.5388201876973036,14.655909105366657,Solid_fuels: 14.7 TWh
Solid_fuels,SEE,1990,128.6913716705215,79.1,NA,NA,NA
Solid_fuels,SEE,1991,128.31242815866898,79.1,NA,NA,NA
Solid_fuels,SEE,1992,128.41397638454862,79.1,NA,NA,NA
Solid_fuels,SEE,1993,127.81807782012073,79.1,NA,NA,NA
Solid_fuels,SEE,1994,125.04953111578442,79.1,NA,NA,NA
Solid_fuels,SEE,1995,123.8427075477428,79.1,NA,NA,NA
Solid_fuels,SEE,1996,125.15943191542725,79.1,NA,NA,NA
Solid_fuels,SEE,1997,124.00966809248294,79.1,NA,NA,NA
Solid_fuels,SEE,1998,123.23362176255233,79.1,NA,NA,NA
Solid_fuels,SEE,1999,120.34836445785895,79.1,NA,NA,NA
Solid_fuels,SEE,2000,124.2532728882783,79.1,NA,NA,NA
Solid_fuels,SEE,2001,123.1976712600776,79.1,NA,NA,NA
Solid_fuels,SEE,2002,123.06956983848414,79.1,NA,NA,NA
Solid_fuels,SEE,2003,126.33237104969974,79.1,NA,NA,NA
Solid_fuels,SEE,2004,121.25057473237825,79.1,NA,NA,NA
Solid_fuels,SEE,2005,121.00370048048325,79.1,NA,NA,NA
Solid_fuels,SEE,2006,121.74059136064446,79.1,NA,NA,NA
Solid_fuels,SEE,2007,124.4839646645135,79.1,NA,NA,NA
Solid_fuels,SEE,2008,121.97370995841062,79.1,NA,NA,NA
Solid_fuels,SEE,2009,120.77736053589484,79.1,NA,NA,NA
Solid_fuels,SEE,2010,115.89803123110957,79.1,NA,NA,NA
Solid_fuels,SEE,2011,125.12163898571522,79.1,NA,NA,NA
Solid_fuels,SEE,2012,123.92308575266313,79.1,NA,NA,NA
Solid_fuels,SEE,2013,118.8060879417583,79.1,NA,NA,NA
Solid_fuels,SEE,2014,117.37559921240866,79.1,NA,NA,NA
Solid_fuels,SEE,2015,120.95449426503247,79.1,0.529133935082585,41.85449426503247,Solid_fuels: 41.9 TWh
Wind,UK & Ireland,1990,47.72863507298132,44.1,NA,NA,NA
Wind,UK & Ireland,1991,39.9099185781759,44.1,NA,NA,NA
Wind,UK & Ireland,1992,44.683799905216475,44.1,NA,NA,NA
Wind,UK & Ireland,1993,42.33424105079011,44.1,NA,NA,NA
Wind,UK & Ireland,1994,46.92102213527124,44.1,NA,NA,NA
Wind,UK & Ireland,1995,43.61313236351001,44.1,NA,NA,NA
Wind,UK & Ireland,1996,41.77945734074661,44.1,NA,NA,NA
Wind,UK & Ireland,1997,39.017292348666636,44.1,NA,NA,NA
Wind,UK & Ireland,1998,45.68453450082206,44.1,NA,NA,NA
Wind,UK & Ireland,1999,44.82348706235061,44.1,NA,NA,NA
Wind,UK & Ireland,2000,42.86470716328238,44.1,NA,NA,NA
Wind,UK & Ireland,2001,38.46287224916068,44.1,NA,NA,NA
Wind,UK & Ireland,2002,41.49744885915735,44.1,NA,NA,NA
Wind,UK & Ireland,2003,38.985101464451716,44.1,NA,NA,NA
Wind,UK & Ireland,2004,41.14387480028984,44.1,NA,NA,NA
Wind,UK & Ireland,2005,42.07141715075214,44.1,NA,NA,NA
Wind,UK & Ireland,2006,40.86140551139945,44.1,NA,NA,NA
Wind,UK & Ireland,2007,40.97173753776443,44.1,NA,NA,NA
Wind,UK & Ireland,2008,44.28486071093231,44.1,NA,NA,NA
Wind,UK & Ireland,2009,40.83165849345802,44.1,NA,NA,NA
Wind,UK & Ireland,2010,33.51167663562416,44.1,NA,NA,NA
Wind,UK & Ireland,2011,41.90771659717454,44.1,NA,NA,NA
Wind,UK & Ireland,2012,39.12646436535659,44.1,NA,NA,NA
Wind,UK & Ireland,2013,41.586872254377106,44.1,NA,NA,NA
Wind,UK & Ireland,2014,39.996647613177636,44.1,NA,NA,NA
Wind,UK & Ireland,2015,44.67643438156794,44.1,NA,NA,NA
Wind,CEE,1990,19.46316122102,19.9,NA,NA,NA
Wind,CEE,1991,17.4865928275,19.9,NA,NA,NA
Wind,CEE,1992,19.35238356819,19.9,NA,NA,NA
Wind,CEE,1993,20.223721710390002,19.9,NA,NA,NA
Wind,CEE,1994,19.28445299126,19.9,NA,NA,NA
Wind,CEE,1995,19.16140412379,19.9,NA,NA,NA
Wind,CEE,1996,15.94694285703,19.9,NA,NA,NA
Wind,CEE,1997,18.099404543589998,19.9,NA,NA,NA
Wind,CEE,1998,20.93770812257,19.9,NA,NA,NA
Wind,CEE,1999,18.121005515220002,19.9,NA,NA,NA
Wind,CEE,2000,18.10908286103,19.9,NA,NA,NA
Wind,CEE,2001,17.98254468117,19.9,NA,NA,NA
Wind,CEE,2002,18.97969579797,19.9,NA,NA,NA
Wind,CEE,2003,16.89776315891,19.9,NA,NA,NA
Wind,CEE,2004,18.32519912238,19.9,NA,NA,NA
Wind,CEE,2005,16.82721643723,19.9,NA,NA,NA
Wind,CEE,2006,15.66822930705,19.9,NA,NA,NA
Wind,CEE,2007,19.5257907595,19.9,NA,NA,NA
Wind,CEE,2008,18.48308924413,19.9,NA,NA,NA
Wind,CEE,2009,15.83432171032,19.9,NA,NA,NA
Wind,CEE,2010,16.95370313894,19.9,NA,NA,NA
Wind,CEE,2011,17.11332811375,19.9,NA,NA,NA
Wind,CEE,2012,17.43265421621,19.9,NA,NA,NA
Wind,CEE,2013,16.37347710399,19.9,NA,NA,NA
Wind,CEE,2014,16.66216611424,19.9,NA,NA,NA
Wind,CEE,2015,18.497704250149997,19.9,NA,NA,NA
Wind,CWE,1990,144.91448816105,117.19999999999999,NA,NA,NA
Wind,CWE,1991,121.87743033734999,117.19999999999999,NA,NA,NA
Wind,CWE,1992,134.61366289890998,117.19999999999999,NA,NA,NA
Wind,CWE,1993,135.15269993233002,117.19999999999999,NA,NA,NA
Wind,CWE,1994,141.63114551264,117.19999999999999,NA,NA,NA
Wind,CWE,1995,137.72581556562,117.19999999999999,NA,NA,NA
Wind,CWE,1996,115.89298233809001,117.19999999999999,NA,NA,NA
Wind,CWE,1997,121.74302551948,117.19999999999999,NA,NA,NA
Wind,CWE,1998,145.60709275112,117.19999999999999,NA,NA,NA
Wind,CWE,1999,136.50113860956,117.19999999999999,NA,NA,NA
Wind,CWE,2000,138.6343050363,117.19999999999999,NA,NA,NA
Wind,CWE,2001,124.01580821486,117.19999999999999,NA,NA,NA
Wind,CWE,2002,133.3337143082,117.19999999999999,NA,NA,NA
Wind,CWE,2003,110.26388447495,117.19999999999999,NA,NA,NA
Wind,CWE,2004,126.76020713055,117.19999999999999,NA,NA,NA
Wind,CWE,2005,119.57372226286,117.19999999999999,NA,NA,NA
Wind,CWE,2006,122.75659190505999,117.19999999999999,NA,NA,NA
Wind,CWE,2007,140.398677671,117.19999999999999,NA,NA,NA
Wind,CWE,2008,134.37728122944,117.19999999999999,NA,NA,NA
Wind,CWE,2009,119.5523257068,117.19999999999999,NA,NA,NA
Wind,CWE,2010,112.59221191792,117.19999999999999,NA,NA,NA
Wind,CWE,2011,126.40046711992,117.19999999999999,NA,NA,NA
Wind,CWE,2012,125.05571302142,117.19999999999999,NA,NA,NA
Wind,CWE,2013,119.50506855711,117.19999999999999,NA,NA,NA
Wind,CWE,2014,120.15082448178,117.19999999999999,NA,NA,NA
Wind,CWE,2015,135.02964910506,117.19999999999999,NA,NA,NA
Wind,Iberia,1990,62.8734617766,59.900000000000006,NA,NA,NA
Wind,Iberia,1991,64.87388050413999,59.900000000000006,NA,NA,NA
Wind,Iberia,1992,66.18194950368,59.900000000000006,NA,NA,NA
Wind,Iberia,1993,64.46029119274,59.900000000000006,NA,NA,NA
Wind,Iberia,1994,67.5871741222,59.900000000000006,NA,NA,NA
Wind,Iberia,1995,71.44213359455999,59.900000000000006,NA,NA,NA
Wind,Iberia,1996,72.58863663948866,59.900000000000006,NA,NA,NA
Wind,Iberia,1997,62.78201426206,59.900000000000006,NA,NA,NA
Wind,Iberia,1998,65.64041066578,59.900000000000006,NA,NA,NA
Wind,Iberia,1999,70.19552096342001,59.900000000000006,NA,NA,NA
Wind,Iberia,2000,69.79685532721999,59.900000000000006,NA,NA,NA
Wind,Iberia,2001,71.7508961696,59.900000000000006,NA,NA,NA
Wind,Iberia,2002,68.9127270451,59.900000000000006,NA,NA,NA
Wind,Iberia,2003,67.05756682751999,59.900000000000006,NA,NA,NA
Wind,Iberia,2004,62.383478927060004,59.900000000000006,NA,NA,NA
Wind,Iberia,2005,63.54148944646,59.900000000000006,NA,NA,NA
Wind,Iberia,2006,60.99592105202,59.900000000000006,NA,NA,NA
Wind,Iberia,2007,61.42392691806,59.900000000000006,NA,NA,NA
Wind,Iberia,2008,63.086229701520004,59.900000000000006,NA,NA,NA
Wind,Iberia,2009,65.02627587082,59.900000000000006,NA,NA,NA
Wind,Iberia,2010,68.91458944827613,59.900000000000006,NA,NA,NA
Wind,Iberia,2011,57.0535217638,59.900000000000006,NA,NA,NA
Wind,Iberia,2012,61.78008385932,59.900000000000006,NA,NA,NA
Wind,Iberia,2013,74.9267021337,59.900000000000006,NA,NA,NA
Wind,Iberia,2014,67.48468805954,59.900000000000006,NA,NA,NA
Wind,Iberia,2015,61.743084344319996,59.900000000000006,NA,NA,NA
Wind,Italy,1990,12.63655052528,17.4,NA,NA,NA
Wind,Italy,1991,14.181227717359999,17.4,NA,NA,NA
Wind,Italy,1992,13.41236103592,17.4,NA,NA,NA
Wind,Italy,1993,13.608360725519999,17.4,NA,NA,NA
Wind,Italy,1994,13.19348696336,17.4,NA,NA,NA
Wind,Italy,1995,15.258444388000001,17.4,NA,NA,NA
Wind,Italy,1996,15.756935525760001,17.4,NA,NA,NA
Wind,Italy,1997,14.721363751599998,17.4,NA,NA,NA
Wind,Italy,1998,14.72844919744,17.4,NA,NA,NA
Wind,Italy,1999,15.022052977360001,17.4,NA,NA,NA
Wind,Italy,2000,14.26480931216,17.4,NA,NA,NA
Wind,Italy,2001,16.284002057840002,17.4,NA,NA,NA
Wind,Italy,2002,14.09313284544,17.4,NA,NA,NA
Wind,Italy,2003,14.81122685416,17.4,NA,NA,NA
Wind,Italy,2004,14.535407920879999,17.4,NA,NA,NA
Wind,Italy,2005,13.557336363120001,17.4,NA,NA,NA
Wind,Italy,2006,12.53552437808,17.4,NA,NA,NA
Wind,Italy,2007,13.669146937599999,17.4,NA,NA,NA
Wind,Italy,2008,13.67702784712,17.4,NA,NA,NA
Wind,Italy,2009,14.517704240159999,17.4,NA,NA,NA
Wind,Italy,2010,15.3152680648,17.4,NA,NA,NA
Wind,Italy,2011,12.29576552336,17.4,NA,NA,NA
Wind,Italy,2012,14.1624295208,17.4,NA,NA,NA
Wind,Italy,2013,13.5478782736,17.4,NA,NA,NA
Wind,Italy,2014,12.91811660832,17.4,NA,NA,NA
Wind,Italy,2015,11.62600459592,17.4,0.33183881632643675,5.773995404079999,Wind: 5.8 TWh
Wind,Northern,1990,33.07305117966,35.2,NA,NA,NA
Wind,Northern,1991,29.401147185350002,35.2,NA,NA,NA
Wind,Northern,1992,31.19799160653,35.2,NA,NA,NA
Wind,Northern,1993,32.14688272671,35.2,NA,NA,NA
Wind,Northern,1994,31.38804058202,35.2,NA,NA,NA
Wind,Northern,1995,32.12568639692,35.2,NA,NA,NA
Wind,Northern,1996,26.72001430976,35.2,NA,NA,NA
Wind,Northern,1997,29.06041775625,35.2,NA,NA,NA
Wind,Northern,1998,31.35705571855,35.2,NA,NA,NA
Wind,Northern,1999,28.79656928937,35.2,NA,NA,NA
Wind,Northern,2000,30.052932243534816,35.2,NA,NA,NA
Wind,Northern,2001,27.16103555183,35.2,NA,NA,NA
Wind,Northern,2002,28.23738863678,35.2,NA,NA,NA
Wind,Northern,2003,26.543220699299997,35.2,NA,NA,NA
Wind,Northern,2004,28.979816040339998,35.2,NA,NA,NA
Wind,Northern,2005,28.836330473140002,35.2,NA,NA,NA
Wind,Northern,2006,26.6331573281,35.2,NA,NA,NA
Wind,Northern,2007,30.76953430603,35.2,NA,NA,NA
Wind,Northern,2008,30.22127294678,35.2,NA,NA,NA
Wind,Northern,2009,26.810164349369998,35.2,NA,NA,NA
Wind,Northern,2010,25.647069240740002,35.2,NA,NA,NA
Wind,Northern,2011,31.07310928588,35.2,NA,NA,NA
Wind,Northern,2012,29.36476088409,35.2,NA,NA,NA
Wind,Northern,2013,27.75176456378,35.2,NA,NA,NA
Wind,Northern,2014,28.84553865417,35.2,NA,NA,NA
Wind,Northern,2015,33.668534077160004,35.2,NA,NA,NA
Wind,SEE,1990,5.429973069470001,6.8,NA,NA,NA
Wind,SEE,1991,5.61397052989,6.8,NA,NA,NA
Wind,SEE,1992,5.727523248530001,6.8,NA,NA,NA
Wind,SEE,1993,5.7058024425,6.8,NA,NA,NA
Wind,SEE,1994,5.581417758790001,6.8,NA,NA,NA
Wind,SEE,1995,5.423404242929999,6.8,NA,NA,NA
Wind,SEE,1996,5.5426607686,6.8,NA,NA,NA
Wind,SEE,1997,5.63116398356,6.8,NA,NA,NA
Wind,SEE,1998,5.62181099734,6.8,NA,NA,NA
Wind,SEE,1999,5.11371529169,6.8,NA,NA,NA
Wind,SEE,2000,5.32863687426,6.8,NA,NA,NA
Wind,SEE,2001,6.23053376469,6.8,NA,NA,NA
Wind,SEE,2002,4.68670844061,6.8,NA,NA,NA
Wind,SEE,2003,6.111810895720001,6.8,NA,NA,NA
Wind,SEE,2004,5.66134391724,6.8,NA,NA,NA
Wind,SEE,2005,5.45817028433,6.8,NA,NA,NA
Wind,SEE,2006,5.45417735316,6.8,NA,NA,NA
Wind,SEE,2007,5.29972696821,6.8,NA,NA,NA
Wind,SEE,2008,5.42235895887,6.8,NA,NA,NA
Wind,SEE,2009,5.32729305822,6.8,NA,NA,NA
Wind,SEE,2010,5.33527350404,6.8,NA,NA,NA
Wind,SEE,2011,5.4725326366100004,6.8,NA,NA,NA
Wind,SEE,2012,5.82273096937,6.8,NA,NA,NA
Wind,SEE,2013,5.50679387022,6.8,NA,NA,NA
Wind,SEE,2014,4.39787340274,6.8,NA,NA,NA
Wind,SEE,2015,5.29046085941,6.8,NA,NA,NA
