week,id,level
1,1990,65.42984465802152
1,1991,67.02312706778332
1,1992,67.10835438156349
1,1993,66.84505830801021
1,1994,66.5802428000667
1,1995,67.01999301287148
1,1996,67.4521670636846
1,1997,66.5878705053555
1,1998,67.29857125961047
1,1999,67.47620918488889
1,2000,67.75928312939578
1,2001,68.1778238917388
1,2002,67.15065160302801
1,2003,67.09524835082394
1,2004,66.47690408001016
1,2005,68.0954200075384
1,2006,66.59212364053106
1,2007,67.6020804852802
1,2008,66.95242956509476
1,2009,66.12321610924677
1,2010,67.85406623936817
1,2011,66.6614604429304
1,2012,67.49945474134952
1,2013,67.10284834767252
1,2014,68.88561447007939
1,2015,67.34856179039319
2,1990,58.543014106256905
2,1991,61.63721310621074
2,1992,62.09111021245587
2,1993,61.4389032316542
2,1994,61.07511910318354
2,1995,60.60163229694956
2,1996,62.56321143767323
2,1997,60.5131957629812
2,1998,61.87656411753716
2,1999,61.62008252545331
2,2000,63.091900997837705
2,2001,63.406262914203936
2,2002,63.89409219423739
2,2003,61.060069495088534
2,2004,60.21310204129004
2,2005,63.961394849590604
2,2006,60.37326951431482
2,2007,62.70798396018508
2,2008,61.285495315773026
2,2009,59.879341451340615
2,2010,61.7272110663048
2,2011,61.08767302669049
2,2012,61.85914137603042
2,2013,60.503003135579874
2,2014,64.39005931371706
2,2015,61.79058208982667
3,1990,53.08624737009502
3,1991,57.36951310357231
3,1992,58.578018694734986
3,1993,58.09817058737805
3,1994,56.90007803108677
3,1995,56.12332307559697
3,1996,60.03781422523985
3,1997,56.024136882651675
3,1998,58.183227795912686
3,1999,57.236741042321796
3,2000,59.34842045087725
3,2001,59.86441837046797
3,2002,61.4538027058805
3,2003,57.333067465744506
3,2004,55.31070014285673
3,2005,61.14294785195617
3,2006,55.648919544300874
3,2007,58.91741432321239
3,2008,58.122116616851045
3,2009,55.728852972955366
3,2010,57.63659905739541
3,2011,57.28098166024421
3,2012,56.56098067686182
3,2013,56.56771509816837
3,2014,59.602659727949046
3,2015,57.57689167706637
4,1990,49.00973529905532
4,1991,54.318151009037784
4,1992,55.069387560331364
4,1993,54.45006872867331
4,1994,54.61942343357601
4,1995,53.82875262868492
4,1996,58.40129931350839
4,1997,53.48335636089899
4,1998,54.47059090111581
4,1999,53.91712980573058
4,2000,54.549030595206574
4,2001,58.1688795601925
4,2002,58.087385145826694
4,2003,55.47926091999958
4,2004,51.44656324918209
4,2005,57.63802207508835
4,2006,52.20950861323322
4,2007,54.833395001670596
4,2008,55.257989695102054
4,2009,53.89852715388902
4,2010,54.00429872695567
4,2011,54.21676915781105
4,2012,52.03608276405243
4,2013,54.20694894705843
4,2014,55.12104683492619
4,2015,53.329384050510356
5,1990,46.85712146120493
5,1991,50.76244826169237
5,1992,53.25761193549926
5,1993,51.457471314469224
5,1994,52.0965786086616
5,1995,51.45685305735801
5,1996,56.080246828329116
5,1997,51.15429119809416
5,1998,51.508237567590385
5,1999,50.66549766154614
5,2000,50.95089647376708
5,2001,56.075404021704266
5,2002,54.303480678897984
5,2003,53.43601058571043
5,2004,48.83032388589658
5,2005,54.15514305957489
5,2006,50.03522122133584
5,2007,50.80727779857755
5,2008,52.738976402642336
5,2009,52.21202786727419
5,2010,50.73083299999961
5,2011,51.35877226139482
5,2012,47.536950643137196
5,2013,52.912988573973486
5,2014,52.05339848026117
5,2015,50.93380501665947
6,1990,46.794190380782446
6,1991,47.118361362555056
6,1992,51.250605461872226
6,1993,50.024847553180635
6,1994,49.403552756217316
6,1995,49.45010620484509
6,1996,53.45330729109558
6,1997,48.96893684876821
6,1998,48.83928473513807
6,1999,48.155127621362134
6,2000,48.71077154486889
6,2001,54.70058428218431
6,2002,51.110479350138625
6,2003,50.611000367151725
6,2004,47.061681640401424
6,2005,51.12672146211971
6,2006,47.574264439982294
6,2007,47.52563926154653
6,2008,50.64777202487351
6,2009,50.53291664709885
6,2010,47.44985015185209
6,2011,49.09313834149792
6,2012,43.04911579970316
6,2013,51.09926026168464
6,2014,50.52364216791446
6,2015,48.75937728469449
7,1990,45.999197333089356
7,1991,43.66075047749987
7,1992,49.563729163179396
7,1993,47.76640508650383
7,1994,46.17169439038562
7,1995,48.217694890929565
7,1996,51.15018559745975
7,1997,46.878566279112626
7,1998,46.965235531710995
7,1999,45.095808142487954
7,2000,46.39468460771891
7,2001,53.32175084939963
7,2002,47.78485172720889
7,2003,47.002305267412744
7,2004,44.26945901312804
7,2005,48.764678071094615
7,2006,44.85629486965475
7,2007,45.461346891102835
7,2008,47.80533014362987
7,2009,48.05322075397318
7,2010,43.88422943343322
7,2011,46.64381922591661
7,2012,39.160802015864114
7,2013,48.138603363844474
7,2014,49.50294422152483
7,2015,46.78525043594546
8,1990,45.29835639573183
8,1991,41.30229685673884
8,1992,46.5006117843562
8,1993,44.75174954596681
8,1994,42.94449801915163
8,1995,46.809267406352525
8,1996,48.64805699144917
8,1997,44.842590280550766
8,1998,46.333115562452804
8,1999,42.4381281239908
8,2000,42.56983089088644
8,2001,51.13930649025099
8,2002,45.06899841897237
8,2003,44.241021773596486
8,2004,42.79917568289715
8,2005,45.10334656286729
8,2006,43.337329384170154
8,2007,42.65218007127386
8,2008,45.62566197303436
8,2009,45.21618776551622
8,2010,41.69342776684614
8,2011,43.6475951731794
8,2012,36.570492898175196
8,2013,44.99924468872374
8,2014,47.90399895875116
8,2015,45.333461846677885
9,1990,45.4049116510147
9,1991,39.57613226313756
9,1992,44.54454598175355
9,1993,41.08713721565146
9,1994,40.76178449034838
9,1995,45.456379179869636
9,1996,46.27381929637376
9,1997,44.39162019539096
9,1998,45.633010695552805
9,1999,40.193255432905545
9,2000,40.24721862506673
9,2001,48.18389560204862
9,2002,42.500420206604026
9,2003,42.392965771767464
9,2004,40.697175702809105
9,2005,41.50306837383571
9,2006,41.38462504877624
9,2007,40.331823710264246
9,2008,44.34856672583192
9,2009,42.80691899611352
9,2010,41.19085795827754
9,2011,41.28701824620496
9,2012,34.94559943492197
9,2013,43.066603145313906
9,2014,46.85882311386598
9,2015,44.25695269081721
10,1990,44.294569360815984
10,1991,38.545629594616265
10,1992,43.187775044797675
10,1993,37.48978914299653
10,1994,39.487095969884535
10,1995,43.677990022235235
10,1996,43.23339928211901
10,1997,43.59291778781833
10,1998,43.705961411151016
10,1999,38.1721840642821
10,2000,37.51603931653905
10,2001,47.15103359026695
10,2002,40.44273279252048
10,2003,40.51565582382667
10,2004,38.07025903943552
10,2005,37.78282193355731
10,2006,39.07693663461394
10,2007,38.37645408314581
10,2008,42.06047205254303
10,2009,41.10799364352675
10,2010,39.45640641473161
10,2011,39.211957386779076
10,2012,32.88446858717463
10,2013,42.005444875725814
10,2014,45.86479439502252
10,2015,43.367375437837524
11,1990,42.91439068943933
11,1991,37.67720329013312
11,1992,41.801868834071925
11,1993,35.483341310887504
11,1994,38.957079818726385
11,1995,42.28829878632411
11,1996,40.69726608824331
11,1997,43.22141302828745
11,1998,41.271238076557694
11,1999,35.93138807925452
11,2000,34.73829976937482
11,2001,46.280131403650536
11,2002,38.57520672489335
11,2003,39.69210560798565
11,2004,36.627623558808565
11,2005,34.52425693762697
11,2006,36.72070771735816
11,2007,36.971663023883636
11,2008,40.47890121318452
11,2009,39.05951733155214
11,2010,37.157521622743374
11,2011,37.350776218103945
11,2012,31.5292297107996
11,2013,40.547167717689184
11,2014,44.92013718418755
11,2015,41.964976809631466
12,1990,43.18232222554035
12,1991,37.133199199230646
12,1992,40.37001719233365
12,1993,35.80886619938755
12,1994,37.222725751941525
12,1995,40.99669688370155
12,1996,38.33530317191686
12,1997,41.15457986614601
12,1998,39.24685169706774
12,1999,33.53796591606918
12,2000,32.54143830331973
12,2001,45.02167781400058
12,2002,37.3085247485838
12,2003,38.883944615572915
12,2004,36.93058041654115
12,2005,31.9000571932343
12,2006,34.7880898384017
12,2007,35.60845322161898
12,2008,37.88387897807446
12,2009,37.04767337851972
12,2010,36.077779210751096
12,2011,36.20926168062029
12,2012,30.944061086707467
12,2013,38.43877936542685
12,2014,44.16346314831264
12,2015,39.938931158532206
13,1990,42.895026027238494
13,1991,36.43823355328734
13,1992,38.285436259445376
13,1993,34.36860609790093
13,1994,36.03212393147779
13,1995,39.30129823815948
13,1996,36.90957259259421
13,1997,39.316468181029066
13,1998,37.71478616129232
13,1999,31.795787788003206
13,2000,30.73072015027623
13,2001,43.64144593491156
13,2002,35.558796532015315
13,2003,39.06776735671767
13,2004,35.3774260549618
13,2005,30.682078832782835
13,2006,34.02511931289917
13,2007,34.466247882348654
13,2008,35.31051387915928
13,2009,34.93980557272893
13,2010,35.692075889092735
13,2011,35.236021923871945
13,2012,31.45225891903969
13,2013,36.342988587032835
13,2014,42.507352930946304
13,2015,37.976641100230715
14,1990,42.54835423442808
14,1991,36.626789602022335
14,1992,36.39045011522165
14,1993,32.25075363258642
14,1994,36.67013766087566
14,1995,37.82306177124692
14,1996,35.53987265909228
14,1997,38.40889193527918
14,1998,37.51903495989532
14,1999,31.401870338019197
14,2000,30.062823058913605
14,2001,43.165686503175714
14,2002,35.05102824580176
14,2003,39.467620965711845
14,2004,35.122295884760796
14,2005,30.390805142166116
14,2006,33.62912064001913
14,2007,34.154842388868126
14,2008,34.16790640584253
14,2009,33.99155790454686
14,2010,35.630625788135355
14,2011,35.4732310135869
14,2012,31.022935457613126
14,2013,35.293424366334975
14,2014,41.885285186727394
14,2015,36.664608758142656
15,1990,42.1726834684581
15,1991,37.907362506589656
15,1992,34.7161001036788
15,1993,29.84292691963501
15,1994,36.698678985495604
15,1995,35.82515816961507
15,1996,34.800970674436016
15,1997,36.904778581942296
15,1998,36.40949864246037
15,1999,31.473203098967275
15,2000,29.02193771266814
15,2001,42.502258684556175
15,2002,34.274766729038134
15,2003,38.186517310985884
15,2004,34.54753435010667
15,2005,30.286736011265845
15,2006,33.326792615086674
15,2007,33.16388792433197
15,2008,33.07076541748227
15,2009,34.13105498522474
15,2010,35.55352058163054
15,2011,36.63949508175969
15,2012,29.463982203498784
15,2013,34.27653089187578
15,2014,41.494508753075365
15,2015,35.41385952512978
16,1990,43.278053355160644
16,1991,39.8904111646732
16,1992,33.20558998199496
16,1993,28.55839658410563
16,1994,36.77010642580193
16,1995,34.82366990778382
16,1996,35.03033234556836
16,1997,35.19991785287448
16,1998,35.745301981059626
16,1999,31.439398921164962
16,2000,29.31767327493734
16,2001,40.98662273725105
16,2002,33.69067558357081
16,2003,39.42622900812159
16,2004,35.760123604579235
16,2005,30.39609751511358
16,2006,34.02448156462821
16,2007,35.095951653733856
16,2008,32.63437835806314
16,2009,35.02274574452912
16,2010,35.846882548674806
16,2011,37.890361338408255
16,2012,28.2272508589225
16,2013,35.82319222872649
16,2014,41.23304596241892
16,2015,35.12312106062229
17,1990,45.1545094263095
17,1991,39.09532584365007
17,1992,31.560932804535213
17,1993,29.860028539400748
17,1994,38.01697329624498
17,1995,35.41529155422805
17,1996,37.02795507006356
17,1997,33.625199289599536
17,1998,36.861500783708124
17,1999,32.87525662675733
17,2000,31.55853588334545
17,2001,40.9861507119498
17,2002,36.49031065197782
17,2003,42.611328081222105
17,2004,38.967573847600114
17,2005,30.369969529908992
17,2006,35.32266035819191
17,2007,37.02437271411124
17,2008,33.15616064105073
17,2009,36.94552870605954
17,2010,36.60944516683111
17,2011,40.51137738730068
17,2012,27.802143002257772
17,2013,37.736351398054175
17,2014,42.40670213393274
17,2015,35.501306014242715
18,1990,48.74976837453965
18,1991,39.179289524018166
18,1992,32.6794036288846
18,1993,36.34969077829977
18,1994,42.50448935353823
18,1995,35.793336089580464
18,1996,37.82496724401954
18,1997,33.58551471319992
18,1998,41.02771905260868
18,1999,35.083933851476395
18,2000,35.41411135424641
18,2001,43.718450056616
18,2002,43.37947095674224
18,2003,45.124118361363834
18,2004,43.01017764760622
18,2005,31.81791446060592
18,2006,40.36415525247303
18,2007,40.446610286705216
18,2008,39.34949072725562
18,2009,41.13468363841417
18,2010,38.58196687037204
18,2011,42.39276359297805
18,2012,28.956221707528307
18,2013,40.296649305108694
18,2014,43.745610808129506
18,2015,36.338176636338076
19,1990,52.22594412612509
19,1991,38.63847995869582
19,1992,34.5241890551549
19,1993,42.84947191153733
19,1994,47.67846964048293
19,1995,36.65733378895152
19,1996,38.40594610842106
19,1997,34.54917222593524
19,1998,44.88369242181386
19,1999,35.60026829208606
19,2000,40.888512290622096
19,2001,48.6345730287941
19,2002,49.1853952011676
19,2003,46.806860429565
19,2004,51.23667992227794
19,2005,32.42986847144665
19,2006,48.65731895017954
19,2007,43.08739460548364
19,2008,47.57799614482291
19,2009,44.615700970366795
19,2010,39.83640406776091
19,2011,44.18448249847815
19,2012,30.01585190646418
19,2013,45.04685730815397
19,2014,43.879482288474755
19,2015,39.304661329372436
20,1990,54.76687084286639
20,1991,39.18420697652265
20,1992,38.568888962725545
20,1993,49.41906310564385
20,1994,54.30798591276199
20,1995,36.27592106981284
20,1996,41.394061415852164
20,1997,39.0308911521133
20,1998,50.32695168563419
20,1999,36.57223593420224
20,2000,47.59424743563532
20,2001,55.49822308285033
20,2002,56.184233325315425
20,2003,50.85996491891879
20,2004,56.92722913080429
20,2005,33.30986134857181
20,2006,53.90426715405965
20,2007,46.482758894767116
20,2008,54.22640862407575
20,2009,48.70274680768679
20,2010,46.32097630285544
20,2011,47.36644488519517
20,2012,32.32509882284402
20,2013,52.84606577577531
20,2014,46.7925095070233
20,2015,43.32567341415654
21,1990,56.26481336163264
21,1991,40.84177893858942
21,1992,45.1591227076493
21,1993,57.99504953808763
21,1994,58.41309108878824
21,1995,38.21254948722536
21,1996,43.35396061881333
21,1997,43.25330766014617
21,1998,55.13537624094441
21,1999,42.29067129615812
21,2000,56.31586238256221
21,2001,60.95788858048122
21,2002,62.873646443726386
21,2003,57.13460026277558
21,2004,60.01726674205639
21,2005,37.02764716469655
21,2006,58.600884963425415
21,2007,51.999471369175616
21,2008,58.15376771742009
21,2009,53.655081987916404
21,2010,56.29305158138983
21,2011,50.89550344056535
21,2012,38.16718658161438
21,2013,63.86849654794597
21,2014,55.70553705301091
21,2015,46.63604268539427
22,1990,57.84420711273367
22,1991,42.525180340387
22,1992,53.493691034952185
22,1993,65.47063742533321
22,1994,60.92290385647869
22,1995,46.55761663073521
22,1996,47.695633980986365
22,1997,47.31736417121809
22,1998,58.33365836365549
22,1999,49.18307790360259
22,2000,66.01029769468398
22,2001,64.44311460232453
22,2002,70.8455618360149
22,2003,64.44164674368227
22,2004,61.268202201591876
22,2005,43.23950751038592
22,2006,61.96682185444033
22,2007,59.04945696799773
22,2008,63.859535199229555
22,2009,58.771068584812255
22,2010,63.995637904162535
22,2011,55.665730012801816
22,2012,44.392826591199054
22,2013,74.01903686253189
22,2014,65.0918217837445
22,2015,50.88241177095487
23,1990,60.77717304910132
23,1991,44.55186211292917
23,1992,61.875673721406336
23,1993,71.35422792270931
23,1994,65.55181658797781
23,1995,56.13438354037656
23,1996,53.574910175770675
23,1997,54.037828080919745
23,1998,62.200047960334516
23,1999,55.205611837737386
23,2000,74.34120772218287
23,2001,67.61937341147743
23,2002,78.59422952855644
23,2003,71.7011271664829
23,2004,62.38598926408844
23,2005,48.08302427193678
23,2006,63.004811097569764
23,2007,67.46239279106453
23,2008,70.07663829880279
23,2009,61.901187744881966
23,2010,69.13779041498903
23,2011,63.373097589825
23,2012,49.0415802810344
23,2013,79.41980628626835
23,2014,73.4474689975102
23,2015,56.49342212361518
24,1990,63.88732512993156
24,1991,49.01714275130564
24,1992,69.16399861550289
24,1993,75.79350837255676
24,1994,70.2586725378862
24,1995,65.00020064563394
24,1996,59.88977670505621
24,1997,61.99841973038528
24,1998,67.32534858864045
24,1999,62.21400203655029
24,2000,82.33653939866245
24,2001,71.30086309757878
24,2002,83.76506110989492
24,2003,76.01388818767774
24,2004,63.732099538785015
24,2005,54.52230919152329
24,2006,63.23278738344323
24,2007,73.94359718481843
24,2008,74.51985659899836
24,2009,64.1430780255945
24,2010,74.13576318507698
24,2011,70.96651517292312
24,2012,54.92157736260915
24,2013,83.12723830536983
24,2014,80.26100855248012
24,2015,60.86628837764899
25,1990,66.48604974074004
25,1991,54.885119511585955
25,1992,73.95960930902271
25,1993,79.690466032416
25,1994,74.65582743348605
25,1995,73.4826134752196
25,1996,64.7675232987433
25,1997,69.58455855356722
25,1998,73.49634204185524
25,1999,68.01745729909955
25,2000,89.620528034876
25,2001,74.85340586450562
25,2002,86.72630058665942
25,2003,78.42293647009517
25,2004,64.99950391032279
25,2005,61.862816322989644
25,2006,63.456406129210926
25,2007,79.16231191035749
25,2008,78.11301813247343
25,2009,66.75388243641625
25,2010,77.79589406388584
25,2011,76.1205069465133
25,2012,61.28586242285577
25,2013,86.85646755213122
25,2014,83.44629079770716
25,2015,65.39588525625513
26,1990,68.78048212294847
26,1991,60.75489620922851
26,1992,76.22929854401073
26,1993,84.73102131430495
26,1994,79.41067608748297
26,1995,81.04987894520688
26,1996,68.51943696927803
26,1997,77.15449944993223
26,1998,79.98935888616187
26,1999,72.97951210772042
26,2000,97.15491303953455
26,2001,77.03034567002923
26,2002,88.41899439778594
26,2003,79.89508065704699
26,2004,66.84276102338845
26,2005,68.54899662764188
26,2006,64.15939081475302
26,2007,83.675647382425
26,2008,81.30456029810779
26,2009,69.21007258621749
26,2010,79.96471849687248
26,2011,80.35119060708277
26,2012,67.82655578518306
26,2013,90.3540819023289
26,2014,84.09846779289049
26,2015,71.33328136350967
27,1990,71.59290795059648
27,1991,64.42021176453127
27,1992,77.32891861514977
27,1993,89.80742518664867
27,1994,82.11526786540367
27,1995,86.39620965785089
27,1996,71.15345913054342
27,1997,83.54174521859403
27,1998,84.34464703892446
27,1999,76.77086036567596
27,2000,102.97848648585666
27,2001,78.41697077218213
27,2002,89.77470753171202
27,2003,80.32553767278195
27,2004,69.09243575084469
27,2005,73.8817084125917
27,2006,64.2604884943297
27,2007,86.2386341329049
27,2008,83.01154001067626
27,2009,71.03341456717651
27,2010,81.85172206410944
27,2011,83.52950721969323
27,2012,73.74239110617846
27,2013,92.12031585034943
27,2014,85.96339683861684
27,2015,78.71566122614738
28,1990,74.87145628048482
28,1991,66.82470731755424
28,1992,77.67486357675352
28,1993,93.71540610324865
28,1994,82.83944987741867
28,1995,88.77961669237244
28,1996,73.91988130874206
28,1997,87.28033165432407
28,1998,86.81103747707847
28,1999,79.43257884837364
28,2000,107.11949145663294
28,2001,79.74752181830519
28,2002,91.43935102278384
28,2003,79.93610722732745
28,2004,71.38869338865284
28,2005,76.38120805476815
28,2006,64.34597878206844
28,2007,88.1390133046401
28,2008,84.14445191206116
28,2009,72.51708674541128
28,2010,83.30480926508945
28,2011,84.67447136355084
28,2012,78.81432048616027
28,2013,92.83874326512908
28,2014,88.88660091160723
28,2015,84.95253400015226
29,1990,76.71030829454934
29,1991,69.18008746494887
29,1992,78.29686664407821
29,1993,95.54063796624318
29,1994,83.15464807906547
29,1995,90.66216025218102
29,1996,75.2058278168461
29,1997,89.58902129945412
29,1998,88.43351848251748
29,1999,81.23956126642182
29,2000,109.68514770919174
29,2001,81.51409894298213
29,2002,93.36349507267111
29,2003,79.47024567263489
29,2004,73.07453022818183
29,2005,77.74443325989436
29,2006,63.71294286589992
29,2007,89.69116776953355
29,2008,85.07498934598249
29,2009,74.25635299188401
29,2010,84.84895868897557
29,2011,86.23143798086814
29,2012,81.72037527200581
29,2013,92.63428232560979
29,2014,89.46099583709365
29,2015,88.22082615805549
30,1990,78.30651896448207
30,1991,70.76847026410883
30,1992,78.90851742755312
30,1993,96.82544418871464
30,1994,82.97345555607126
30,1995,92.62870038034693
30,1996,75.9152167375107
30,1997,90.70721417177921
30,1998,89.80837669554636
30,1999,83.37782731443474
30,2000,110.8918576267921
30,2001,82.75217787960763
30,2002,94.69868120878327
30,2003,79.39014803075591
30,2004,74.7524086617461
30,2005,79.48204371071373
30,2006,62.16757015939387
30,2007,90.16728415685401
30,2008,85.77892427301875
30,2009,76.5970709533848
30,2010,85.89246115759123
30,2011,87.53893305594403
30,2012,83.67325436319643
30,2013,91.29002884714966
30,2014,88.58875836198133
30,2015,91.21810051625435
31,1990,79.24430803143852
31,1991,71.78401669649959
31,1992,79.50214132651121
31,1993,97.77977910733904
31,1994,82.7242035596314
31,1995,93.27676442454495
31,1996,76.56584650103096
31,1997,91.43845454429808
31,1998,91.3848085856492
31,1999,84.1495304880191
31,2000,111.31257134441202
31,2001,83.8977737405134
31,2002,95.48541527397369
31,2003,79.37489289102935
31,2004,75.55083981666745
31,2005,80.46273598830885
31,2006,60.98864265058186
31,2007,90.45696498734611
31,2008,85.91303940159322
31,2009,78.87918295455272
31,2010,86.4691824210614
31,2011,87.43998481076312
31,2012,84.55126525069406
31,2013,90.64530129187433
31,2014,87.96701616442964
31,2015,93.97595288436884
32,1990,79.89942750863281
32,1991,72.38286746911606
32,1992,79.81599838582842
32,1993,98.54228518465148
32,1994,82.05894629186433
32,1995,93.10394816377425
32,1996,76.90052132559822
32,1997,91.12422077250096
32,1998,92.63903326258657
32,1999,84.44332065036063
32,2000,112.31523618426452
32,2001,85.36691286469973
32,2002,95.91743144816367
32,2003,78.0315415359462
32,2004,76.04002106084234
32,2005,81.43476427019154
32,2006,60.07101648574303
32,2007,90.62633526986019
32,2008,85.47558919390208
32,2009,79.77882278049776
32,2010,87.135329613015
32,2011,86.97294536890506
32,2012,84.80913747531314
32,2013,90.66041614074015
32,2014,87.22476721110817
32,2015,95.77678245586254
33,1990,80.2736027613269
33,1991,72.9391974437731
33,1992,80.96816442560122
33,1993,99.53049676082729
33,1994,82.01388266382483
33,1995,92.45148259495986
33,1996,76.97784858922331
33,1997,90.15658866421944
33,1998,93.24598533358315
33,1999,84.44506343786432
33,2000,112.9418211628674
33,2001,86.6659807482276
33,2002,96.46365365079114
33,2003,77.61840028779095
33,2004,76.17820470561146
33,2005,82.42509719795434
33,2006,59.81269705993216
33,2007,91.23028936702937
33,2008,85.66834580507934
33,2009,80.34411063869365
33,2010,87.5954675782931
33,2011,86.40020210027075
33,2012,84.40200999865536
33,2013,90.22635503088324
33,2014,87.05694331435902
33,2015,97.02919708896641
34,1990,81.38742922076773
34,1991,73.24378120502047
34,1992,81.6038129033548
34,1993,100.33029518245537
34,1994,81.91836575470703
34,1995,91.7024450521124
34,1996,76.91159705751613
34,1997,89.37916473357696
34,1998,94.48716265909357
34,1999,83.78306030934976
34,2000,114.07638516198948
34,2001,87.32016561426907
34,2002,96.4849595343873
34,2003,77.95883214470632
34,2004,76.59496660286098
34,2005,83.15612505439255
34,2006,60.377505745765475
34,2007,92.18101927256131
34,2008,85.68865383688627
34,2009,81.18842674596682
34,2010,87.98705113054821
34,2011,86.60526126492601
34,2012,83.8649775908613
34,2013,89.54507781895325
34,2014,85.9970629143824
34,2015,98.12656922498117
35,1990,81.0747886143204
35,1991,72.36399371679676
35,1992,82.60922438566794
35,1993,100.54890099537606
35,1994,82.45342824961534
35,1995,91.98827225778244
35,1996,77.73199086957447
35,1997,89.66324843210379
35,1998,94.87584799714027
35,1999,82.41458060870471
35,2000,114.30800473853978
35,2001,87.86232142876828
35,2002,96.16369270870486
35,2003,78.11720702582248
35,2004,76.69111866944873
35,2005,85.21483741446895
35,2006,60.740995082148295
35,2007,91.84257763397136
35,2008,85.27624399295665
35,2009,82.01124004000305
35,2010,87.82543669329061
35,2011,86.67246421212086
35,2012,83.97766067882881
35,2013,87.42126520676776
35,2014,84.1289981888298
35,2015,99.11951838941324
36,1990,80.90778204874877
36,1991,72.49156773316973
36,1992,84.23425577141055
36,1993,100.2400155807809
36,1994,82.53529125612125
36,1995,91.79800158257926
36,1996,78.18622063501797
36,1997,89.87092124104099
36,1998,94.82230211839311
36,1999,81.55445348190484
36,2000,114.6013089031927
36,2001,88.8992238934422
36,2002,96.50796946033589
36,2003,77.82139026246382
36,2004,77.09801573117858
36,2005,86.52943673689096
36,2006,61.97305101616948
36,2007,91.0505134150244
36,2008,85.58504375167793
36,2009,83.78548345060645
36,2010,86.58425843109355
36,2011,87.31526967830725
36,2012,84.72755244314772
36,2013,85.43064586018485
36,2014,82.53027359191192
36,2015,98.50670542048526
37,1990,80.28424704375814
37,1991,72.57133816801242
37,1992,84.67420611659497
37,1993,99.28734737457042
37,1994,83.78758674614804
37,1995,91.61960901098152
37,1996,77.65423417625044
37,1997,90.00825385244791
37,1998,95.81275133394642
37,1999,80.55935606279971
37,2000,114.30690116608575
37,2001,90.08826147004912
37,2002,96.55028813825274
37,2003,77.67680731928644
37,2004,77.62062003777864
37,2005,87.74790656316078
37,2006,62.182301922581416
37,2007,90.19652865600237
37,2008,85.40067712360529
37,2009,84.94607798882538
37,2010,86.23555745814531
37,2011,89.13913690430648
37,2012,85.23374361732348
37,2013,83.52260504152011
37,2014,81.01564503127756
37,2015,97.45904083948136
38,1990,79.6514501596773
38,1991,72.95058550791153
38,1992,84.85902939175647
38,1993,97.5444311872103
38,1994,84.51927371589446
38,1995,89.9734741819055
38,1996,76.61249227189506
38,1997,89.926421426081
38,1998,96.80907087546801
38,1999,80.34959490377936
38,2000,113.03301120021482
38,2001,90.84016370518768
38,2002,96.19874711322002
38,2003,78.01971278913999
38,2004,78.61899084591964
38,2005,88.644079310886
38,2006,62.256756523790564
38,2007,90.15278501921844
38,2008,84.5459712814739
38,2009,85.37064980245347
38,2010,86.4917091159431
38,2011,90.5073624418611
38,2012,85.10246480113226
38,2013,82.55371107428287
38,2014,79.42645706857364
38,2015,98.19243697760965
39,1990,79.08247248574419
39,1991,74.31006436192678
39,1992,85.43112996230563
39,1993,96.05215614850567
39,1994,83.9762285468973
39,1995,88.67876627533194
39,1996,75.33141495850825
39,1997,88.93696642270119
39,1998,97.07392958452304
39,1999,80.48789732359798
39,2000,111.15631264658099
39,2001,90.31419098106747
39,2002,95.35635745785811
39,2003,79.61041923865132
39,2004,80.08466364152109
39,2005,88.56723140686145
39,2006,62.51969275286693
39,2007,89.76208818024043
39,2008,83.27773370746782
39,2009,86.22005659486432
39,2010,86.43296044463304
39,2011,91.08973707548714
39,2012,84.72071945752884
39,2013,80.73171322682155
39,2014,77.93053384635078
39,2015,97.75352193506579
40,1990,78.43454999034397
40,1991,75.34853790234177
40,1992,85.05132244828403
40,1993,94.51068558301444
40,1994,82.95180712181498
40,1995,87.44003773874044
40,1996,76.26877234141197
40,1997,87.73663416321615
40,1998,96.68937944855087
40,1999,80.75521205675413
40,2000,109.99696471682405
40,2001,90.44029328688482
40,2002,94.43968770517242
40,2003,80.29202860444312
40,2004,80.4119153196435
40,2005,88.39838272470993
40,2006,63.19260452230568
40,2007,89.31941252021909
40,2008,82.51740650523405
40,2009,86.0464577663479
40,2010,87.50547102334275
40,2011,91.92631598746088
40,2012,84.90064041066364
40,2013,79.06749023004856
40,2014,76.95182912486997
40,2015,97.16296894328774
41,1990,78.39234860416842
41,1991,75.56238869205329
41,1992,84.85812157155816
41,1993,93.90919766193129
41,1994,82.74222470638553
41,1995,88.18907472009414
41,1996,77.20645164428583
41,1997,87.05937736140703
41,1998,95.4703729972219
41,1999,80.41803711655207
41,2000,108.84325318211135
41,2001,91.87336778169347
41,2002,92.70642820075786
41,2003,80.279348368655
41,2004,80.99782991901314
41,2005,87.73604030138883
41,2006,64.32961943765318
41,2007,87.60048701974566
41,2008,82.47294757313665
41,2009,84.98322338304841
41,2010,88.9531251808629
41,2011,91.96201684540483
41,2012,84.48049344948635
41,2013,78.17869258542436
41,2014,77.05732177745969
41,2015,95.48004479615554
42,1990,78.86229060103582
42,1991,75.67782986963968
42,1992,83.4625663242881
42,1993,93.02599853412578
42,1994,81.73979976920833
42,1995,88.3775353352714
42,1996,77.93560716961389
42,1997,85.27857545910423
42,1998,93.92464841496597
42,1999,78.99035105221266
42,2000,108.0870989583855
42,2001,93.41794635761293
42,2002,90.82553419944972
42,2003,78.89579214012669
42,2004,80.43173341823237
42,2005,86.65224031469678
42,2006,64.59940568032658
42,2007,86.19539863365625
42,2008,82.44340376869368
42,2009,82.9685358524267
42,2010,87.53747525356958
42,2011,91.05082308098616
42,2012,83.89363756078104
42,2013,76.43034539366145
42,2014,77.07520581694983
42,2015,93.26707912246766
43,1990,78.73319121068022
43,1991,74.90851674203907
43,1992,81.10428567343735
43,1993,91.05621351309112
43,1994,80.75357964642869
43,1995,88.56068451195041
43,1996,77.29469743000378
43,1997,83.14557317551002
43,1998,93.28986570317015
43,1999,78.24680774840202
43,2000,107.0639093430151
43,2001,93.52049598717142
43,2002,89.68107872790577
43,2003,76.8644715222529
43,2004,80.49210573078733
43,2005,84.77959845229935
43,2006,65.69031936294199
43,2007,84.55119117736969
43,2008,82.53694241627235
43,2009,80.90488031710434
43,2010,85.77092289698497
43,2011,89.93776128036849
43,2012,82.8171332431364
43,2013,76.66223070507698
43,2014,78.587775581811
43,2015,91.47713928235189
44,1990,78.95695931563381
44,1991,73.73229809157259
44,1992,78.80919808787002
44,1993,88.96458139031058
44,1994,79.2497632555321
44,1995,87.47060630351561
44,1996,77.05504196767978
44,1997,80.5737723316477
44,1998,93.06012028293695
44,1999,78.233831780026
44,2000,106.15859927012136
44,2001,93.28006958487964
44,2002,87.96237622276317
44,2003,75.93816843782234
44,2004,79.7752953838243
44,2005,85.07750683802523
44,2006,64.93745611922256
44,2007,83.38964212956719
44,2008,82.05600468889338
44,2009,78.02587389857858
44,2010,85.30027035103524
44,2011,89.50235300272449
44,2012,80.83311628263807
44,2013,76.58630316226314
44,2014,79.60433947395597
44,2015,89.62115456361552
45,1990,77.3347712898426
45,1991,73.19946534687251
45,1992,76.88330485154721
45,1993,86.80725796589842
45,1994,77.79196086688984
45,1995,84.581188417582
45,1996,76.9503885814192
45,1997,79.54040378325308
45,1998,90.5981123755099
45,1999,77.94369797671078
45,2000,105.51692772524639
45,2001,91.43570685013202
45,2002,84.71594088715348
45,2003,74.98450499911232
45,2004,78.54148551678742
45,2005,86.33619559154613
45,2006,63.61648559386508
45,2007,81.27279244159132
45,2008,80.65308401334178
45,2009,75.72979520225286
45,2010,84.07012665946998
45,2011,89.2851350085671
45,2012,79.51555806290435
45,2013,75.85314935432406
45,2014,79.34901751058966
45,2015,88.27998545581043
46,1990,75.45629101339121
46,1991,72.203106759246
46,1992,74.8591859659222
46,1993,83.91796970661399
46,1994,75.83137904101582
46,1995,82.13785285856508
46,1996,76.03206785648075
46,1997,78.42549565189593
46,1998,87.24471959240957
46,1999,76.50905272069582
46,2000,104.32086183154844
46,2001,88.8571297768027
46,2002,81.82850908390151
46,2003,73.2495489544497
46,2004,77.22738499632642
46,2005,86.66197570220288
46,2006,62.1313151911665
46,2007,78.13175918279504
46,2008,79.3442257486395
46,2009,73.8711295930809
46,2010,82.42986183294823
46,2011,87.59700567244074
46,2012,78.67526342768785
46,2013,74.9218265657692
46,2014,78.92873034338649
46,2015,86.51335076931932
47,1990,73.23542166097896
47,1991,70.8938188007716
47,1992,72.04225652550933
47,1993,80.25924523893758
47,1994,73.88601607818588
47,1995,79.33664000063166
47,1996,74.88035862130963
47,1997,76.3829195757579
47,1998,83.35422064868293
47,1999,74.15959036006583
47,2000,102.95267180391336
47,2001,85.88383422593452
47,2002,79.03599284725854
47,2003,71.30099787485042
47,2004,74.82172943370375
47,2005,84.67007129695757
47,2006,62.21813936732445
47,2007,75.22880705259585
47,2008,77.41060348920838
47,2009,73.62982638298621
47,2010,79.64693925870925
47,2011,85.41524577489884
47,2012,77.71070124389769
47,2013,73.26186326034504
47,2014,77.15053458782012
47,2015,83.37754641607442
48,1990,70.42798961805116
48,1991,70.18761842866108
48,1992,69.32498662248258
48,1993,76.04532675223754
48,1994,72.29401585176332
48,1995,76.8090180524491
48,1996,72.38849767202845
48,1997,73.32619486831217
48,1998,79.90560622011157
48,1999,72.3016559818132
48,2000,102.42307689944062
48,2001,82.80099307003466
48,2002,76.2721715967347
48,2003,69.42491847426842
48,2004,71.43525578874852
48,2005,81.98478762956239
48,2006,63.82281566789992
48,2007,72.71103154400639
48,2008,74.77437873802195
48,2009,72.7554831196651
48,2010,75.46846269354228
48,2011,83.81335307009554
48,2012,75.81726569077554
48,2013,70.8442670167466
48,2014,74.7321263139564
48,2015,80.79969655508853
49,1990,68.29685357493395
49,1991,68.53346405092906
49,1992,68.59362549817668
49,1993,73.05994244393084
49,1994,70.36123477345173
49,1995,73.46994282881249
49,1996,70.12842859921587
49,1997,69.53376860841686
49,1998,76.49447184074192
49,1999,69.98497509207564
49,2000,102.18435972529446
49,2001,79.78858574365833
49,2002,73.1838514052993
49,2003,68.15009591329458
49,2004,69.35830012717422
49,2005,79.45080981568957
49,2006,64.99936854747206
49,2007,70.20228735346394
49,2008,72.10793956809127
49,2009,71.00238960982894
49,2010,72.04455841012884
49,2011,81.36439309949948
49,2012,72.39908519556707
49,2013,68.16081483582047
49,2014,72.00552574595113
49,2015,78.94637070846792
50,1990,66.05550987472776
50,1991,66.26739683542488
50,1992,67.2702552922178
50,1993,69.76148516025228
50,1994,68.39775627828105
50,1995,69.93487833294816
50,1996,67.84719438748661
50,1997,66.72824181731927
50,1998,72.94388640482042
50,1999,67.82149756696434
50,2000,102.2907798254808
50,2001,75.91140431177796
50,2002,69.22988432078601
50,2003,66.52402764057784
50,2004,67.01969280277366
50,2005,76.33347322392541
50,2006,65.99240115155136
50,2007,67.62194232987406
50,2008,69.09451392118028
50,2009,68.36238230745056
50,2010,69.59161909652686
50,2011,77.8488794340273
50,2012,68.46888133293926
50,2013,65.50781055663879
50,2014,69.5692028305314
50,2015,76.68901326813351
51,1990,62.85207786037484
51,1991,64.50983349106292
51,1992,65.72587596186833
51,1993,66.50738209963396
51,1994,65.10624186511494
51,1995,65.86210966561798
51,1996,65.27896540355378
51,1997,64.91639238753535
51,1998,69.71408217860409
51,1999,64.75804523710735
51,2000,99.9670607779384
51,2001,71.46253817258808
51,2002,65.50254597046694
51,2003,64.09679823237775
51,2004,64.95648589277152
51,2005,72.7310016181007
51,2006,64.30952939782237
51,2007,64.5262836029058
51,2008,66.4799125564979
51,2009,64.32780447195752
51,2010,65.97023204771364
51,2011,74.14469100599494
51,2012,64.95718524306152
51,2013,62.943690747839504
51,2014,66.74086636444697
51,2015,74.34895877634972
52,1990,61.77015211914038
52,1991,63.14373890741885
52,1992,64.05366467090207
52,1993,64.0008230124342
52,1994,63.0276224305724
52,1995,63.45900752019927
52,1996,63.81811844865044
52,1997,63.40780219794888
52,1998,66.93238874511559
52,1999,63.456535994920294
52,2000,97.75817210154251
52,2001,67.15531600438497
52,2002,63.28185666349956
52,2003,62.5061716271161
52,2004,63.288894107870945
52,2005,69.19468945866102
52,2006,62.902039532309274
52,2007,62.959051773453545
52,2008,64.39463863819113
52,2009,62.152637198124125
52,2010,63.88077370402593
52,2011,71.90991145971101
52,2012,62.27177139528386
52,2013,62.54146461714977
52,2014,64.12602567276083
52,2015,72.59487975861177
